Users,Passwd,Access
Noah.Bodhi5@aerodefenceservices.com,E6ACCE6BC946ECFFE0DD34A57AD64F99,Users.php
Liam.Arjun5@aerodefenceservices.com,E4D6B4B733626D8E2CB4EFF7C2ACA908,Users.php
Mason.Darius5@aerodefenceservices.com,1407F1B75DE96116334DF5443F67B4B8,Users.php
Jacob.Arlo5@aerodefenceservices.com,B2046FFCC675D6B26760877572EA724D,Users.php
William.Eden5@aerodefenceservices.com,FF87A007364EA73105296E5FD268C0D7,Users.php
Ethan.Tony5@aerodefenceservices.com,45C752479BF368FDB596E031C62DA4E4,Users.php
James.Dustin5@aerodefenceservices.com,3DB6FB27E44FE859D504753253266BA9,Users.php
Alexander.Kellen5@aerodefenceservices.com,33003A5B0181D8D8E5B34B26C66BCD92,Users.php
Michael.Chris5@aerodefenceservices.com,9645AB70F5C6B7BDF442E59D278B5EC3,Users.php
Benjamin.Mohammed5@aerodefenceservices.com,C435C6A20553E92504700CAD8EFD9ABB,Users.php
Elijah.Nasir5@aerodefenceservices.com,F552D792734103E29DA590CA36929C97,Users.php
Daniel.Omari5@aerodefenceservices.com,013F8B62BEEF1686983D4C145E73D0A2,Users.php
Aiden.Kieran5@aerodefenceservices.com,E0F34422998EDB5688559821E7ACC8E3,Users.php
Logan.Nixon5@aerodefenceservices.com,D7D57494CC0E7D7BCC946921468BF375,Users.php
Matthew.Rhys5@aerodefenceservices.com,97E36E5A0A592067CF3933CCE3C8C847,Users.php
Lucas.Armani5@aerodefenceservices.com,49EB82DB046ECA8D2278F36AE7DB621D,Users.php
Jackson.Arturo5@aerodefenceservices.com,C5626A981A71A838367B5A30E7C9B6A9,Users.php
David.Bowen5@aerodefenceservices.com,B19CB1C7FD0AED308F3F70B159FC96B7,Users.php
Oliver.Frederick5@aerodefenceservices.com,BD719730356CB0120F335F0EF4A16B59,Admin.php
Jayden.Callen5@aerodefenceservices.com,07FFD1117873A763E1553913D62C1A79,Users.php
Joseph.Leonidas5@aerodefenceservices.com,3E83D5D926B311C29EE46B4076F30CCF,Users.php
Gabriel.Remy5@aerodefenceservices.com,975D34ADE90CD215C9E1148DF25DA5A7,Users.php
Samuel.Wade5@aerodefenceservices.com,C6AC3AFA42188B2A609A3DF85DAC6D1E,Users.php
Carter.Luka5@aerodefenceservices.com,E9C1C31B6724637FF066D19D176C6649,Users.php
Anthony.Jakob5@aerodefenceservices.com,5443C9A2DCC15825132382C5FF46D093,Users.php
John.Winston5@aerodefenceservices.com,FE4A64D7AF2BC6E256C441627FFB4D96,Users.php
Dylan.Justice5@aerodefenceservices.com,A64F749CA249C4D507C279F0130B352A,Users.php
Luke.Alonzo5@aerodefenceservices.com,0B86EE3B0F73A5EE44FAB8B724F8F223,Users.php
Henry.Curtis5@aerodefenceservices.com,8DB63EF828C217E0D814F83F2F0630E9,Users.php
Andrew.Aarav5@aerodefenceservices.com,DA5C886F5363D8FA53077094CD4C552F,Users.php
Isaac.Gustavo5@aerodefenceservices.com,FCE465F955D5EFBB147DB56BD8F99AB9,Users.php
Christopher.Royce5@aerodefenceservices.com,BD04A52FFE71D678B2CC9CEC8A73419F,Users.php
Joshua.Asa5@aerodefenceservices.com,2E18A0FD7DB36E78BC7967E8B7E19F2D,Users.php
Wyatt.Gannon5@aerodefenceservices.com,9AF16BBDD63FCF88E97803F88A73C126,Users.php
Sebastian.Kyson5@aerodefenceservices.com,3035E984DFC3292CED80E66FD7DF27F0,Users.php
Owen.Hank5@aerodefenceservices.com,D8304EE2A93C089BD0DDC16AE3D2C1A1,Users.php
Caleb.Izaiah5@aerodefenceservices.com,D1970AAA428B92C5600678F15492D4F6,Users.php
Nathan.Roy5@aerodefenceservices.com,5B307C69A6EC791698CE9B14FF7C22CA,Users.php
Ryan.Raphael5@aerodefenceservices.com,A70A35F182927C63B777F835968A95EE,Users.php
Jack.Luciano5@aerodefenceservices.com,F5BABD6982F5BB9AB081EE280088FE28,Users.php
Hunter.Hayes5@aerodefenceservices.com,82F3F7F30712F382204F411C4B70CD09,Users.php
Levi.Case5@aerodefenceservices.com,3C4E43E2AB592F36459CE71D700B2C11,Users.php
Christian.Darren5@aerodefenceservices.com,69E9DD3BE790452136133C360DC27108,Users.php
Jaxon.Mohammad5@aerodefenceservices.com,4CE6A1EDA75EC140C4E45823832B12CE,Users.php
Julian.Otto5@aerodefenceservices.com,459C5408F4E3378C29C5A2FA908325D7,Users.php
Landon.Layton5@aerodefenceservices.com,46747198008F2AECE327748A8ABCD535,Users.php
Grayson.Isaias5@aerodefenceservices.com,CA33E4623AEA1E91C68B6DA01CE0CFE4,Users.php
Jonathan.Alberto5@aerodefenceservices.com,3A2E206F37AB61B5AAD055132F80A5A2,Users.php
Isaiah.Jamari5@aerodefenceservices.com,E3A681BAB56109FB2B4FF9C2EE792ADF,Users.php
Charles.Colten5@aerodefenceservices.com,0991876AE0467792A57596D74F2EF711,Users.php
Thomas.Dax5@aerodefenceservices.com,E9DD783D753E5B49D41DE64D26FBA741,Users.php
Aaron.Marvin5@aerodefenceservices.com,FA6FC0EAAEE9EF405C70E8CDCB7C1E2B,Users.php
Eli.Casey5@aerodefenceservices.com,BF4645789BCC238252C4EA612195E0A1,Users.php
Connor.Moshe5@aerodefenceservices.com,0061FABA7F5DC1DC12852DD0E8BF8758,Users.php
Jeremiah.Johan5@aerodefenceservices.com,00F4E77E60765F64D5C2BD4F6638AC77,Users.php
Cameron.Sam5@aerodefenceservices.com,BDE3DC0F2C79BE0F649952847B9DDDAC,Users.php
Josiah.Matthias5@aerodefenceservices.com,7E527723F60907ABA8AC467633EE9B15,Users.php
Adrian.Larry5@aerodefenceservices.com,22A647B505F8D760128EA17E946B5F5C,Users.php
Colton.Trey5@aerodefenceservices.com,196F5EEA8FE267FE6E928D664A9D0471,Users.php
Jordan.Devon5@aerodefenceservices.com,FBEA1EF28D0300E34C26D38B057E089C,Users.php
Brayden.Trent5@aerodefenceservices.com,082762FE69735B7277A1381ABF29340C,Users.php
Nicholas.Mauricio5@aerodefenceservices.com,2291FB78E83B17430B6C7FBD6A4C0B82,Users.php
Robert.Mathias5@aerodefenceservices.com,8B75062CBC7FA95C7541FABAA62B4334,Users.php
Angel.Issac5@aerodefenceservices.com,066D399D8D53256164FA76733EB8ED9D,Users.php
Hudson.Dorian5@aerodefenceservices.com,457EEFDFAD1C581983F1DCD1CEDE1909,Users.php
Lincoln.Gianni5@aerodefenceservices.com,E0ADF424438E1D941A251B626508CE2A,Users.php
Evan.Ahmad5@aerodefenceservices.com,A5BF6125C0D3B52E0EBD49B25A3F245C,Users.php
Dominic.Nikolas5@aerodefenceservices.com,B8DE1C3378F1C7FFC5B08BBCD0ABBC58,Users.php
Austin.Oakley5@aerodefenceservices.com,6312C5CFAE950C868F89166D2327E517,Users.php
Gavin.Uriel5@aerodefenceservices.com,7A085C1DCACCFB5B773AE4889D8E20C9,Users.php
Nolan.Lewis5@aerodefenceservices.com,B5F89E96C795F8BDDAEB18EA422B36E2,Users.php
Parker.Randy5@aerodefenceservices.com,E3B89D227CB23CFCAD1CCCB8D70E4813,Users.php
Adam.Cullen5@aerodefenceservices.com,E6AED70FC765C89FDD65502F65CE3739,Users.php
Chase.Braydon5@aerodefenceservices.com,9E3AE7FD31337D7BE98C14EE994328F2,Users.php
Jace.Ezequiel5@aerodefenceservices.com,D7D765A3586DDFA1D278D74B53F11840,Users.php
Ian.Reece5@aerodefenceservices.com,C20F0583BF845AC7D0642D37F664B811,Users.php
Cooper.Jimmy5@aerodefenceservices.com,191426439A6CE32C1615B95F503A45E3,Users.php
Easton.Crosby5@aerodefenceservices.com,7009B883AD757EB18DDD55D058DAB7F0,Users.php
Kevin.Soren5@aerodefenceservices.com,AB430C9938AB11B52251D91372C3CFCF,Users.php
Jose.Uriah5@aerodefenceservices.com,28D85126DFC792C6F61110162A3E800C,Users.php
Tyler.Roger5@aerodefenceservices.com,C7CD976B6DA8466C76055B262A0E3D99,Users.php
Brandon.Nathanael5@aerodefenceservices.com,6195CADC325DD9352E58C1F13380A5C5,Users.php
Asher.Emmitt5@aerodefenceservices.com,DA949909C40AFD5D391DAF68D177D18E,Users.php
Jaxson.Gary5@aerodefenceservices.com,B75286B3B2F668E5C0CF251EB1318F14,Users.php
Mateo.Rayan5@aerodefenceservices.com,8215599DAAFD661E0C96BBED8FD6B011,Users.php
Jason.Ricky5@aerodefenceservices.com,62CEC37B2C1A70D1442B3FD7DF0EB269,Users.php
Ayden.Mitchell5@aerodefenceservices.com,3CF9CBA9209EFF91C9CFE83EF12C2F48,Users.php
Zachary.Roland5@aerodefenceservices.com,6179B68F9880E918E922233631D86598,Users.php
Carson.Alfredo5@aerodefenceservices.com,AF66C6E6755C967C8B7E54D7207CE17B,Users.php
Xavier.Cannon5@aerodefenceservices.com,53DEAC6BF36586D67DFEDAC4334F7B06,Users.php
Leo.Jalen5@aerodefenceservices.com,6BA573FFDB74BADED595DC3F905A4C3D,Users.php
Ezra.Tatum5@aerodefenceservices.com,186A567F5D6D49D545F7B2CCC2A48598,Users.php
Bentley.Kobe5@aerodefenceservices.com,ADDD47D2C2CEB841953B1FC8BEC49682,Users.php
Sawyer.Yusuf5@aerodefenceservices.com,2DEC708A9B91B5ACF0F8945369511199,Users.php
Kayden.Quinton5@aerodefenceservices.com,B747EABDCD61F069C70DD341C9DB9BF9,Users.php
Blake.Korbin5@aerodefenceservices.com,776667683B80B2A8C4B8779069F6EF06,Users.php
Nathaniel.Brayan5@aerodefenceservices.com,BA2C9D28D19B67212E95A8207CC3D2A6,Users.php
Related Post.Joe5@aerodefenceservices.com,6F0D1D19683B1F730AAF4789E24DA4DD,Users.php
Ryder.Byron5@aerodefenceservices.com,C49FC5A2BE17DA55897A6260E47ACA4E,Users.php
Theodore.Ariel5@aerodefenceservices.com,DF842779F670CB71AAFF8ED1199E97EE,Users.php
Elias.Quincy5@aerodefenceservices.com,8545A7F966A4DDACA9A63097B7129DD3,Users.php
Tristan.Carl5@aerodefenceservices.com,DE3228A9CEB5675CBE24C424CB02423A,Users.php
Roman.Kristopher5@aerodefenceservices.com,010E1FB41895316BC7BFA89ABDC52E74,Users.php
Leonardo.Alvin5@aerodefenceservices.com,EEF6B58B22D55DF2BA2DD12CAD5388F5,Users.php
Camden.Duke5@aerodefenceservices.com,A9F2FF5360AB10576186E9F990FDB004,Users.php
Brody.Lance5@aerodefenceservices.com,386C9E13562BCB438926E5D5416A927F,Users.php
Luis.London5@aerodefenceservices.com,EC57041B7642BD923E9D267282ACD02C,Users.php
Miles.Jasiah5@aerodefenceservices.com,CC53FDEED4993AA7F7A45E3D6CC37AA5,Users.php
Micah.Boston5@aerodefenceservices.com,0ADB27FD4543C52C2AC42B0C7F8D5CB5,Users.php
Vincent.Santino5@aerodefenceservices.com,40A92917142CBD2E4D9814EBE45ECF59,Users.php
Justin.Lennon5@aerodefenceservices.com,921CE2CD784013AD13DD45FD058046E9,Users.php
Greyson.Deandre5@aerodefenceservices.com,E115CD494B005E54EFCADBE51184ED64,Users.php
Declan.Madden5@aerodefenceservices.com,B708CF9F41E82A753D34DA3EC6F16FE8,Users.php
Maxwell.Talon5@aerodefenceservices.com,E532818EA1627B1D80B3F69134373699,Users.php
Juan.Sylas5@aerodefenceservices.com,1FDE6A824CCAC2E500260F47DC2AE613,Users.php
Cole.Orlando5@aerodefenceservices.com,ECC3D072206F64ACF6C147C6DC46BFF9,Users.php
Damian.Hamza5@aerodefenceservices.com,9A34C521FA1EE745E629DED645719089,Users.php
Carlos.Bo5@aerodefenceservices.com,E335B8FBCE7D7AA7FA8B3394141C917B,Users.php
Max.Aldo5@aerodefenceservices.com,3E6BF832ADFBA64DB52ACCD7CF27706A,Users.php
Harrison.Douglas5@aerodefenceservices.com,93E6B0A8D9BC74D9B1D261D78380F47A,Admin.php
Weston.Tristen5@aerodefenceservices.com,A3E984C0D18DEF5D97E285519E888E88,Users.php
Brantley.Wilson5@aerodefenceservices.com,5C9DF75C4A248674C9E868EF04BE1A4A,Users.php
Braxton.Maurice5@aerodefenceservices.com,655259312F43F48E93F738D88388649D,Users.php
Axel.Samson5@aerodefenceservices.com,74D1D5D1F0EF13642E48F0398EC2FDCF,Users.php
Diego.Cayson5@aerodefenceservices.com,C6AC06F70D0BE6B3FE40415FF4E8C23C,Users.php
Abel.Bryant5@aerodefenceservices.com,32B71F703E755842F1EAFD4B3A1D4BF6,Users.php
Wesley.Conrad5@aerodefenceservices.com,F0EDAF131D9AE632BD2C4822685D1A0F,Users.php
Santiago.Dane5@aerodefenceservices.com,9EF4598C4F15171FDA17B7B486B460B2,Users.php
Jesus.Julien5@aerodefenceservices.com,6EF0DB88625108AC95386B59C54580F1,Users.php
Silas.Sincere5@aerodefenceservices.com,5ABEC0D241AB675CF6A9372A129E9A9E,Users.php
Giovanni.Noe5@aerodefenceservices.com,6059583AE9B5A7E9C7E0486002363096,Users.php
Bryce.Salvador5@aerodefenceservices.com,50DB3ED75CF10D6A75555F86C3917726,Users.php
Jayce.Nelson5@aerodefenceservices.com,FB3247E6EA21EACE2D30603F167F0B65,Users.php
Bryson.Edison5@aerodefenceservices.com,FD58E4D812A4D495639136828674C5D5,Users.php
Alex.Ramon5@aerodefenceservices.com,D0751479CF96AF03E7D63FDA35776BB2,Users.php
Everett.Lucian5@aerodefenceservices.com,DF8E8B4C1EDBBFA4D10219415FF9E997,Users.php
George.Mekhi5@aerodefenceservices.com,55BB39338FE25A2BA5D7975AD336A4A0,Users.php
Eric.Niko5@aerodefenceservices.com,0CE9965496631C83994B6C47809E69F0,Users.php
Ivan.Ayaan5@aerodefenceservices.com,DABDBA33F2E0E173D9AF968385CB0747,Users.php
Emmett.Vihaan5@aerodefenceservices.com,80315588D2B416BFF2C3714CCB3B2DCA,Users.php
Kaiden.Neil5@aerodefenceservices.com,9C6367B4B2EDB31E50550BC1C9A63787,Users.php
Ashton.Titan5@aerodefenceservices.com,9B5172AE244F41BFC3CB473BCB6F053C,Users.php
Kingston.Ernesto5@aerodefenceservices.com,E79630FA4A575ED4BD23A64675ED3E95,Users.php
Jonah.Brentley5@aerodefenceservices.com,4805F5187CC876FBF50ED82683BF1A6D,Users.php
Jameson.Lionel5@aerodefenceservices.com,867EFD90D8144AFE6DC30809541584F4,Users.php
Kai.Zayn5@aerodefenceservices.com,723C3287190E4147900154BD2F01E3E4,Users.php
Maddox.Dominik5@aerodefenceservices.com,2D6EDC5E2FD3794B0E9A8C2C6CCDAD0F,Users.php
Timothy.Cassius5@aerodefenceservices.com,51CDE7810B9907914839431CF94F9C72,Users.php
Ezekiel.Rowen5@aerodefenceservices.com,1EE3C08011DC9F159DA19E998EBD4A64,Users.php
Ryker.Blaine5@aerodefenceservices.com,B902330530FC454F1F7A82E115674FB2,Users.php
Emmanuel.Sage5@aerodefenceservices.com,17F6EF33A2BB825FFB01E988AD72639A,Users.php
Hayden.Kelvin5@aerodefenceservices.com,9D8EFF50D8A1366654C496DBC25DB094,Users.php
Antonio.Jaxen5@aerodefenceservices.com,11BF0DE313C407F90C8EB480AE8AD692,Users.php
Bennett.Memphis5@aerodefenceservices.com,299596242879BCF87A3207BA0430D771,Users.php
Steven.Leonard5@aerodefenceservices.com,1CE85C616F354BF92919B5AA9F61C1D4,Users.php
Richard.Abdullah5@aerodefenceservices.com,9CB13BAE3F3B9AEFA21000E2D04B9C48,Users.php
Jude.Jacoby5@aerodefenceservices.com,B7E80A40F4B53228338018A1861A6429,Users.php
Luca.Allan5@aerodefenceservices.com,3C240F0B4DCE4B62120E2B1948213868,Users.php
Edward.Jagger5@aerodefenceservices.com,86048B31DB356C12A0473447BAE61E12,Users.php
Joel.Yahir5@aerodefenceservices.com,DBE34995946C705A5229D13C2A6BC505,Users.php
Victor.Forrest5@aerodefenceservices.com,18A94DC1A50A188023AB9F949144A30D,Users.php
Miguel.Guillermo5@aerodefenceservices.com,D90A7102063DD9102BA9EAF77EDCF74A,Users.php
Malachi.Mack5@aerodefenceservices.com,367403C9ED6835E0E5204E4457C59443,Users.php
King.Zechariah5@aerodefenceservices.com,B94AC4B3B9D99F99A05604C397EA6632,Users.php
Patrick.Harley5@aerodefenceservices.com,1EFFFB6F36C931BBBC5270505D118C63,Users.php
Kaleb.Terry5@aerodefenceservices.com,6A26602E2BF94B2210F5DA304B8ADAFF,Users.php
Bryan.Kylan5@aerodefenceservices.com,0F8CCD2945F060BB837208982BDEEEFA,Users.php
Alan.Fletcher5@aerodefenceservices.com,8F96D198430C1AB84FE4E34CF30ADD8D,Users.php
Marcus.Rohan5@aerodefenceservices.com,AABEF90568CF1F3604EFEE9E29A83D83,Users.php
Preston.Eddie5@aerodefenceservices.com,2000617681F41926E53F776A4F5987D5,Users.php
Abraham.Bronson5@aerodefenceservices.com,80A5C46006FFABF94A2902C3069C3A15,Users.php
Calvin.Jefferson5@aerodefenceservices.com,C369D16D168FB6CF187B4B92E8022742,Users.php
Colin.Rayden5@aerodefenceservices.com,7E836634CDEF6DAD121D21CB547383BE,Users.php
Bradley.Terrance5@aerodefenceservices.com,37764053F5122DDA3374DFD1AC19F93B,Users.php
Jeremy.Marc5@aerodefenceservices.com,C3B884DE84AD131A8A87472B2406EDCB,Users.php
Kyle.Morgan5@aerodefenceservices.com,C2FC7828E5E1769FCCF59E23E0F1093B,Users.php
Graham.Valentino5@aerodefenceservices.com,BC7F9E5EBB7BAF249CDB4A26E52F8A84,Users.php
Grant.Demetrius5@aerodefenceservices.com,844E1A6E2E88E6F43E7BAEE829DD1C08,Users.php
Jesse.Kristian5@aerodefenceservices.com,962843143EEF74FDF3EE1B1863C3C34B,Users.php
Kaden.Hezekiah5@aerodefenceservices.com,F49FA228D72289084162BF8762B2DFDE,Users.php
Alejandro.Lee5@aerodefenceservices.com,B0BC8B954890C35045D17506899C51D5,Users.php
Oscar.Alessandro5@aerodefenceservices.com,7967C164DFAFDA1DEE5D9AC2721DE9B2,Users.php
Jase.Makai5@aerodefenceservices.com,D40C59D811CEF144BEA266B006BDCD26,Users.php
Karter.Rex5@aerodefenceservices.com,692167A6675C0389A1261095596E8131,Users.php
Maverick.Callum5@aerodefenceservices.com,B02E68897322C39B9C30C8694E009A06,Users.php
Aidan.Kamari5@aerodefenceservices.com,F3825373B53C27AB54CFBB48A952E8E5,Users.php
Tucker.Casen5@aerodefenceservices.com,F293865B5265B5B91734D4B4771DBEDE,Users.php
Avery.Tripp5@aerodefenceservices.com,B19EF154DA35F0DA902D5C36ABEE7D2A,Users.php
Amir.Callan5@aerodefenceservices.com,EB1F49F3CABC575973D4A57DDF9FCBE7,Users.php
Brian.Stanley5@aerodefenceservices.com,E7B6F8A476E4337A1D6E238DC47A8206,Users.php
Iker.Toby5@aerodefenceservices.com,25AF9BB0595B54FAD938896141E70FB2,Users.php
Matteo.Elian5@aerodefenceservices.com,A424B22A5ADBC9B1021EAB28FE385907,Users.php
Caden.Langston5@aerodefenceservices.com,BB818DA25CACBB8F6364F8FD1BDC4A98,Users.php
Zayden.Melvin5@aerodefenceservices.com,7B01448AAC815B6750A119E5C1E67533,Users.php
Riley.Payton5@aerodefenceservices.com,D93F7D3018E043E700B63F1ECFEB5D28,Users.php
August.Flynn5@aerodefenceservices.com,08EA520A98227F9FF4B8753FAB1AC564,Users.php
Mark.Jamir5@aerodefenceservices.com,9F318864A8FB0463FE5B5EA034CBAB05,Users.php
Maximus.Kyree5@aerodefenceservices.com,A2EE0B39EEACEF99B99CFD2A98A089C2,Users.php
Brady.Aryan5@aerodefenceservices.com,86B65C11F1235E16FCF6C858AC94736E,Users.php
Kenneth.Axton5@aerodefenceservices.com,4F104CA0598D95BDE17726587CDCD61C,Users.php
Paul.Azariah5@aerodefenceservices.com,C3FFD5A6CB67A9B577C69F83BCEAA48B,Users.php
Jaden.Branson5@aerodefenceservices.com,C11FF071E08CE10DCDD7A65A9D760095,Users.php
Nicolas.Reese5@aerodefenceservices.com,B76BE259A454FD859868D4A127A21C32,Users.php
Beau.Adonis5@aerodefenceservices.com,B6A4E01BF1929863ADE532289FA7D994,Users.php
Dean.Thaddeus5@aerodefenceservices.com,92BE5633FBDD678B150C5C69ABFB5854,Users.php
Jake.Zeke5@aerodefenceservices.com,42DAC66FD8A0CB6C813A35ED7A992736,Users.php
Peter.Tommy5@aerodefenceservices.com,B15D8750D4136B379DCAF3CFA04E801D,Users.php
Xander.Blaze5@aerodefenceservices.com,156C1D43190E6941C645EDA7262C7A1F,Users.php
Elliot.Carmelo5@aerodefenceservices.com,A884D41A2A041AD517BD3D2F0FD434EE,Users.php
Finn.Skylar5@aerodefenceservices.com,F50DB877298B058B8632E1C0D03F8B13,Users.php
Derek.Arian5@aerodefenceservices.com,D76736DDD2E39BE532A70CB26AF52D9D,Users.php
Sean.Bruno5@aerodefenceservices.com,13A75F080FB2A8992BDD486DAF5F1BFF,Users.php
Cayden.Kaysen5@aerodefenceservices.com,9318C17949BA2C75E9DE91C64601DCBB,Users.php
Elliott.Layne5@aerodefenceservices.com,61285E2A9AF5763854E78B02ACFEA76C,Users.php
Jax.Ray5@aerodefenceservices.com,D123B0361387B1EBCE16CCA8D505C031,Users.php
Jasper.Zain5@aerodefenceservices.com,9667559CA484B2E8F7FD543C7AB55756,Users.php
Lorenzo.Crew5@aerodefenceservices.com,816EA273204CAEEC685AA772CA7CDA60,Users.php
Omar.Jedidiah5@aerodefenceservices.com,2D299BABB5CCAAB3A5D91242B36307FB,Users.php
Beckett.Rodney5@aerodefenceservices.com,D389DA2D98BA7816B98040CC9B5780F3,Users.php
Rowan.Clay5@aerodefenceservices.com,49D4DA1BB36DBA957F010BDDEB1BA345,Users.php
Gael.Tomas5@aerodefenceservices.com,84440162348057B18F96B5FEE6D2F1BF,Users.php
Corbin.Alden5@aerodefenceservices.com,24595D359B5E9197070DFFDE458D4F36,Users.php
Waylon.Jadiel5@aerodefenceservices.com,CC0B0D4F0572074815AC9B7AEFF4FC67,Users.php
Myles.Harper5@aerodefenceservices.com,CF562AA0F347A606A87ADD76933D44F3,Users.php
Tanner.Ares5@aerodefenceservices.com,9555FB1AE717ED553531880F10FF4FB7,Users.php
Jorge.Cory5@aerodefenceservices.com,F055013A5CE4D1CDF88D00757D5C76D0,Users.php
Javier.Brecken5@aerodefenceservices.com,EB103CCB0432E5DF0BF67A9440B8BE8D,Users.php
Zion.Chaim5@aerodefenceservices.com,8CD8285363F26CE30A0CBF44E1F776F3,Users.php
Andres.Nickolas5@aerodefenceservices.com,A766A4778690B2655BCB08867166ECEB,Users.php
Charlie.Kareem5@aerodefenceservices.com,2D43DC8EBE19FD859AC6AB88E73D5918,Users.php
Paxton.Xzavier5@aerodefenceservices.com,A5B2A8B7624676F5D860511A943A36B9,Users.php
Emiliano.Kaison5@aerodefenceservices.com,31490AF851B1D0C23975BAAA2A80B467,Users.php
Brooks.Alonso5@aerodefenceservices.com,3E7D958C338FDE4736B5996B50115711,Users.php
Zane.Amos5@aerodefenceservices.com,10CC3F853AFD230CB7DB061AC92E153D,Users.php
Simon.Vicente5@aerodefenceservices.com,1109A77CD96A01A4B6E9F668A5FB9C98,Admin.php
Judah.Samir5@aerodefenceservices.com,C37AD9F581E4F4890FF72CA56CB00992,Users.php
Griffin.Yosef5@aerodefenceservices.com,3113B9559CE99A8942C8B41B744BC9F1,Users.php
Cody.Jamal5@aerodefenceservices.com,E267C55536E64634B853FD9A0968F856,Users.php
Gunner.Jon5@aerodefenceservices.com,B4EC443E78474058402D8840A92B7AD9,Users.php
Dawson.Bobby5@aerodefenceservices.com,79D5AF43A858CC2D1664730F5F76F4C3,Users.php
Israel.Aron5@aerodefenceservices.com,5B1F9321FE568AE59E0030DD9D381E9B,Users.php
Rylan.Ben5@aerodefenceservices.com,945AB3993577AC9D1186E6E8996470B9,Users.php
Gage.Ford5@aerodefenceservices.com,7A7011E963D3E8903043C5780154279B,Users.php
Messiah.Brodie5@aerodefenceservices.com,5EA1DFDC3EEFC650857C14D0C241BEC8,Users.php
River.Cain5@aerodefenceservices.com,6E8A1FDEAA542F2095201390AD376AF4,Users.php
Kameron.Finnley5@aerodefenceservices.com,1DB2FB27506A7C954BE8EF343D13FCF2,Users.php
Stephen.Briggs5@aerodefenceservices.com,7A9B574F96235BBB719603BC4C8D7FEE,Users.php
Francisco.Davion5@aerodefenceservices.com,12C57AEA01E33ED0AA26A692FB3D3E38,Users.php
Clayton.Kingsley5@aerodefenceservices.com,6DA7F2D2FCB96C58418A9BD9085521AE,Users.php
Zander.Brett5@aerodefenceservices.com,4A532CB9EDDC1D78D43FAAAA56E675BB,Users.php
Chance.Wayne5@aerodefenceservices.com,ADD1D8D74E1D2B84AD9B1949A7A11D37,Users.php
Eduardo.Zackary5@aerodefenceservices.com,9C0CF973098745383253F80DE98C5F34,Users.php
Spencer.Apollo5@aerodefenceservices.com,240AEDAAA02961ABEA207CEAA0EA1890,Users.php
Lukas.Emery5@aerodefenceservices.com,4A4C5E567FBC85B060A8649867FEC545,Users.php
Damien.Joziah5@aerodefenceservices.com,3E75BB8C961F14D38E844BEFADA17219,Users.php
Dallas.Lucca5@aerodefenceservices.com,D2A7FA02A1C539B98DFCCE075ACF9674,Users.php
Conner.Bentlee5@aerodefenceservices.com,171AFEA2BB5CBB36CEFC566AF6A1CFCC,Users.php
Travis.Hassan5@aerodefenceservices.com,0F2D927C038C41EAC453E44EB0C813EA,Users.php
Knox.Westin5@aerodefenceservices.com,114263DBB0FACE2E36E72075D6ED4235,Users.php
Raymond.Joey5@aerodefenceservices.com,2DCC795BD3DE64E4AE4A1733E9CBCC94,Users.php
Peyton.Vance5@aerodefenceservices.com,6F032C03FA504383F1D5B1E1A66C668D,Users.php
Devin.Marcelo5@aerodefenceservices.com,CD9362E5F66E9BE811316B006E67FCF3,Users.php
Felix.Axl5@aerodefenceservices.com,BEBF24AEBE7F783DA678EEA2C5697BC5,Users.php
Jayceon.Jermaine5@aerodefenceservices.com,B02383E04144988FDE4746D72F2CDB5A,Users.php
Collin.Chad5@aerodefenceservices.com,535E4D2F17017B1889FF3FD186A4D8DF,Users.php
Amari.Gerald5@aerodefenceservices.com,F0416EA1ABFB2EAA1ABB94DD5F53539A,Users.php
Erick.Kole5@aerodefenceservices.com,B2FA24CE8CF2F5DE2CECC6B27853D448,Users.php
Cash.Dash5@aerodefenceservices.com,81A9DFDB529722BCB5970F73C87D347A,Admin.php
Jaiden.Dayton5@aerodefenceservices.com,C3A67DB733A64E5EB2589349361D0270,Admin.php
Fernando.Lachlan5@aerodefenceservices.com,153A12A89FEAF70D308A6C484D7974BC,Users.php
Cristian.Shaun5@aerodefenceservices.com,456C4351BFE41BB50B86AD4B0FD99207,Users.php
Josue.Kody5@aerodefenceservices.com,B02406D9A707FBE8DE94683777EC4726,Users.php
Keegan.Ronnie5@aerodefenceservices.com,ECED76E00B12E2DE59F31E72386A7BC2,Users.php
Garrett.Kolten5@aerodefenceservices.com,40F791F1CA28C8D266D6F8E1F5A3C078,Users.php
Rhett.Marcel5@aerodefenceservices.com,D0222D700B522CE7CF784FB270C045BE,Users.php
Ricardo.Stetson5@aerodefenceservices.com,B1E83CDB79A33FD8D559C32B27E99B28,Users.php
Martin.Willie5@aerodefenceservices.com,120838BBED73C2E583B8CEEC886D1EDC,Users.php
Reid.Jeffery5@aerodefenceservices.com,C7515FDD42D238BFFB89F4AB80834EED,Users.php
Seth.Brantlee5@aerodefenceservices.com,CDBEEA145C1C5BDFD26EC5AE10BCF60B,Users.php
Andre.Elisha5@aerodefenceservices.com,40F20EC8F6DB8B698BCB8152A6F8B109,Users.php
Cesar.Maxim5@aerodefenceservices.com,AEA82BC277FA189A84632B29F2597BCE,Users.php
Titus.Kendall5@aerodefenceservices.com,B88A1F6BFDAACBBD105EFCBADAB2D787,Users.php
Donovan.Harry5@aerodefenceservices.com,EA9BA79FF321C5090A6992C82705F88D,Users.php
Manuel.Leandro5@aerodefenceservices.com,37947EB6E6445917D615D44A3A9D6E59,Users.php
Mario.Aaden5@aerodefenceservices.com,519A3019C51B6F1DC215C548C7FCBD7D,Users.php
Caiden.Channing5@aerodefenceservices.com,7995DF08B5760394F4E3F020CB6C4A64,Users.php
Adriel.Kohen5@aerodefenceservices.com,6E2BFE8D1781EDAEA93593DE4BA97B9A,Users.php
Kyler.Yousef5@aerodefenceservices.com,430FB5AC4A47634C81E41D97D3DC8527,Users.php
Milo.Darian5@aerodefenceservices.com,633A2EB1BE2884922459C94D7AAF21C3,Users.php
Archer.Enoch5@aerodefenceservices.com,42130720A261F4346D8B4F6DAB0862D3,Users.php
Jeffrey.Mayson5@aerodefenceservices.com,BBF105A7AE07FF9C42A6E8D1FF7CBF8B,Users.php
Holden.Neymar5@aerodefenceservices.com,0A3FED44141EBFA0C255203A7652A834,Users.php
Arthur.Giovani5@aerodefenceservices.com,56DC7C607A33B0BB5B3AAE234F0C9039,Users.php
Karson.Alfonso5@aerodefenceservices.com,48607E2DFADA40EE91C8ECA8A36BD068,Users.php
Rafael.Duncan5@aerodefenceservices.com,663CA6A14E71CBDC599FEACCFD341B02,Users.php
Shane.Anders5@aerodefenceservices.com,7FAF9B379027F597458AA4D4AEB9C941,Users.php
Lane.Braeden5@aerodefenceservices.com,A0AC416F57176133B189A62B211F1911,Users.php
Louis.Dwayne5@aerodefenceservices.com,FE7BA59212F50F8B3757A56F5747C6AD,Users.php
Angelo.Keagan5@aerodefenceservices.com,7D738C0B5F94E751D098BE4F8B84158B,Users.php
Remington.Felipe5@aerodefenceservices.com,196D61D9D1C5A0CA4EA67FD2F6938B93,Users.php
Troy.Fisher5@aerodefenceservices.com,8F72F345D269C6876AF2B856357872A4,Users.php
Emerson.Stefan5@aerodefenceservices.com,0164DE16193CFA78E1B1EAC8982FBA61,Users.php
Maximiliano.Trace5@aerodefenceservices.com,1285F8C441B06739AF1DF02387AEC24C,Users.php
Hector.Aydin5@aerodefenceservices.com,5635AA9DFFD0D6A8ACE05E90330F28B7,Users.php
Emilio.Anson5@aerodefenceservices.com,E47ACFB2F1466C49464F34374D1C710A,Users.php
Anderson.Clyde5@aerodefenceservices.com,BB77B2EB3B0B398637AD92BE817A3916,Users.php
Trevor.Blaise5@aerodefenceservices.com,C5293BC9B8E3FB0E25044854E733E314,Users.php
Phoenix.Canaan5@aerodefenceservices.com,BD09358C6E8288AC96D7628E12DCAD93,Users.php
Walter.Maxton5@aerodefenceservices.com,E7AAE90587F0E47950CBF1E95A9CD61C,Users.php
Johnathan.Alexzander5@aerodefenceservices.com,499C1FBCAC627C0901FB606DAAB3A43F,Users.php
Johnny.Billy5@aerodefenceservices.com,0BFB46768A46482D0289742C8000725E,Users.php
Edwin.Harold5@aerodefenceservices.com,268451EA6166863C904041E726A215EA,Users.php
Julius.Baylor5@aerodefenceservices.com,A50F51DFF09E524DFD208E9674945EE7,Users.php
Barrett.Gordon5@aerodefenceservices.com,57B543A5F4831CCCFCA1E5A472E0B6D6,Users.php
Leon.Rene5@aerodefenceservices.com,76948BE27DD8AE6A66C0F9A2141B86ED,Users.php
Tyson.Terrence5@aerodefenceservices.com,EA37EE2C075FC3BE74215BD7FFCF9CE4,Users.php
Tobias.Vincenzo5@aerodefenceservices.com,CDC4FE1A57231BE3E84F0811CFBEFDA4,Users.php
Edgar.Kamdyn5@aerodefenceservices.com,DD4AD9A78C237E4B64AB196C5593FBB5,Users.php
Dominick.Marlon5@aerodefenceservices.com,AD035ECF9298E1B9C84AE0275BC659BE,Users.php
Marshall.Castiel5@aerodefenceservices.com,5D606C2F6CC7ACC8086FCC3C9309790B,Users.php
Marco.Lamar5@aerodefenceservices.com,763A3A60A2D0F64361873FB8744F8891,Users.php
Joaquin.Augustine5@aerodefenceservices.com,35A0386BE384110C948C0DA9DACE53BB,Users.php
Dante.Jamie5@aerodefenceservices.com,E55FAF1E65BEAB35F9680642F2D5A0C6,Users.php
Andy.Eugene5@aerodefenceservices.com,A96A98850FDB3260DC5DBCC386A03C0D,Users.php
Cruz.Harlan5@aerodefenceservices.com,FBCE51955F12290DA5292FB1AA7ABF89,Users.php
Ali.Kase5@aerodefenceservices.com,37711DC7986657DF914A06A3610577DC,Users.php
Finley.Miller5@aerodefenceservices.com,0B40EC1DCF18AE637D2AF58B91220E7E,Users.php
Dalton.Van5@aerodefenceservices.com,2CF411391DC8D6147683E8C1022C3B6A,Users.php
Gideon.Kolby5@aerodefenceservices.com,7E86C9022310EA9AB1148D2BDD1CD7B0,Users.php
Reed.Sonny5@aerodefenceservices.com,243E09BCDF6E758B14FD5B26C0CF45EE,Users.php
Enzo.Emory5@aerodefenceservices.com,18F803B26C98E3DB62CD61C10CA32DDF,Users.php
Sergio.Junior5@aerodefenceservices.com,7AC8EDBC069D80B723BF63B7E0B73C29,Users.php
Jett.Graysen5@aerodefenceservices.com,5C0F8279F63A2A50FBECFEF46F33FC1C,Users.php
Thiago.Heath5@aerodefenceservices.com,85E9CE532520A0F249083A2757A2F73F,Users.php
Kyrie.Rogelio5@aerodefenceservices.com,E40C68A0D59B2E31A79BAA93BED3E0C5,Users.php
Ronan.Will5@aerodefenceservices.com,9F8A668107F54302501FFCF84679AC80,Users.php
Cohen.Amare5@aerodefenceservices.com,5999F8F87E38A27C4130A9C4A109622F,Users.php
Colt.Ameer5@aerodefenceservices.com,BAD5AA11DDD9AD1C00BA302738326785,Users.php
Erik.Camdyn5@aerodefenceservices.com,D35CF5DF88F588B794690E876AE66083,Users.php
Trenton.Jerome5@aerodefenceservices.com,DB85E9F314A908E3EF73854C645EE7CA,Users.php
Jared.Maison5@aerodefenceservices.com,6ABE8A2A9FE3D9975E1D2D229A83CEDB,Users.php
Walker.Micheal5@aerodefenceservices.com,5B61EEB30762F6CA23CE80C2FC819DEA,Users.php
Landen.Cristiano5@aerodefenceservices.com,D7A55D10A450AA0F4CD3A72FE60DCCD5,Users.php
Alexis.Giancarlo5@aerodefenceservices.com,488700F556DCDCD8A6DC665B3AC4923E,Users.php
Nash.Henrik5@aerodefenceservices.com,A73335BA7A1D34BF569872BC70680C9F,Users.php
Jaylen.Lochlan5@aerodefenceservices.com,547A0D45FB3DB4FA0578BB8F764CD8D4,Users.php
Gregory.Bode5@aerodefenceservices.com,1ABFF1D21B08EE86997F29E80CBAE34D,Users.php
Emanuel.Camron5@aerodefenceservices.com,0468E61635238171A35540E92854B94C,Users.php
Killian.Houston5@aerodefenceservices.com,ABE876FF92D4107CEE3DF918347D2E1C,Users.php
Allen.Otis5@aerodefenceservices.com,ABF1A100815979F8D9EFCED4D850C36D,Users.php
Atticus.Hugh5@aerodefenceservices.com,31EC9109318B0C0378629B3D46E7789C,Users.php
Desmond.Kannon5@aerodefenceservices.com,A849E8B36733D47D424615D9ECBD29AD,Users.php
Shawn.Konnor5@aerodefenceservices.com,5B93FD10AD9F22C19D8146C791D7506D,Users.php
Grady.Emmet5@aerodefenceservices.com,185A343D83EA1DFEBA17B4D522217A2D,Users.php
Quinn.Kamryn5@aerodefenceservices.com,D532C57EAB9FEDD8A126ED3A18F200A4,Users.php
Frank.Maximo5@aerodefenceservices.com,1C66856EEB8FEE606891338D698FEBD9,Users.php
Fabian.Adrien5@aerodefenceservices.com,595CBE002B91F93F05129BDA63D2A2DF,Users.php
Dakota.Cedric5@aerodefenceservices.com,B1EC823D74C46D39040D1DC5E813B386,Users.php
Roberto.Dariel5@aerodefenceservices.com,FDDB11826DBA06635FB26AA083DDAC37,Users.php
Beckham.Landry5@aerodefenceservices.com,E3602ADEA1CA955CD3C2285BA84E26DD,Users.php
Major.Leighton5@aerodefenceservices.com,72F0355C110CDE1A2A130C50AC9AA611,Users.php
Skyler.Magnus5@aerodefenceservices.com,C4A5A795DC55ECFD3862D5A93AE9AE27,Users.php
Nehemiah.Draven5@aerodefenceservices.com,290A8F9E5EB689D28507D51F492C8E9D,Users.php
Drew.Javon5@aerodefenceservices.com,811FA945EE00F4CA935A2BA4C789B450,Users.php
Cade.Marley5@aerodefenceservices.com,7268F2A8A2EEAEF778786AF1587C56C5,Users.php
Muhammad.Zavier5@aerodefenceservices.com,D1755A5FAC4A72655A8D369FF99A3BBA,Users.php
Kendrick.Markus5@aerodefenceservices.com,ADE32994930B00610BD25FC8A6408F1B,Users.php
Pedro.Justus5@aerodefenceservices.com,18E37594E08CFB844044F2C9C2442EF0,Users.php
Orion.Reyansh5@aerodefenceservices.com,F6613C2B42D7D66C5F0A554944D3E843,Users.php
Aden.Rudy5@aerodefenceservices.com,EC7EE4F2968A086C3C98B2595868313D,Users.php
Kamden.Santana5@aerodefenceservices.com,7BB948F27100AAFE1117B969F7415C75,Users.php
Ruben.Misael5@aerodefenceservices.com,4E28456E8AC108490C575CDD1459BC78,Users.php
Zaiden.Abdiel5@aerodefenceservices.com,2B82995FD32ED2668790FAF72D783DA0,Users.php
Clark.Davian5@aerodefenceservices.com,75EF79EC7EBF8BFB93D37FC844E00DC9,Users.php
Noel.Zaire5@aerodefenceservices.com,1471B12A4CACDA923EFDA50082FBE6F0,Users.php
Porter.Jordy5@aerodefenceservices.com,F7A6F570732826EC2ECDCF2687F65780,Admin.php
Solomon.Reginald5@aerodefenceservices.com,8D4FAA31E1B68F0D0606DF0B1297022C,Users.php
Romeo.Benton5@aerodefenceservices.com,8F6B511F88A522672A7370065B62D66C,Users.php
Rory.Darwin5@aerodefenceservices.com,9376C9CEEA3FBEEC86292E82CE58DD75,Users.php
Malik.Franco5@aerodefenceservices.com,CD28B9E9890D1DDB02DB86C54D770C15,Users.php
Daxton.Jairo5@aerodefenceservices.com,C2310A1A967F5423134335F8A41C7858,Users.php
Leland.Jonathon5@aerodefenceservices.com,268047EF436C8B4342694A485D0A669C,Users.php
Kash.Reuben5@aerodefenceservices.com,9CBED3D29B9AF795408D749C40F7BE85,Users.php
Abram.Urijah5@aerodefenceservices.com,88441535AE21D9157C1B9F03D02B694C,Users.php
Derrick.Vivaan5@aerodefenceservices.com,B73A662E1648103FF3312F4B77FA9271,Users.php
Kade.Brent5@aerodefenceservices.com,395A6EB8C62E9D1E77D1ABE3ADF51E44,Users.php
Gunnar.Gauge5@aerodefenceservices.com,9A720EA4536B6EA683389DA04901986D,Users.php
Prince.Vaughn5@aerodefenceservices.com,D85975D3C52F4867527A554634585722,Users.php
Brendan.Coleman5@aerodefenceservices.com,A17DE53661FF48D7F35BE045DF8D0958,Users.php
Leonel.Zaid5@aerodefenceservices.com,DEF69E7D2F91B72A6E8D828ED2C1527C,Users.php
Kason.Terrell5@aerodefenceservices.com,0358C26A52A17305E3C6CB8E44D4B544,Users.php
Braylon.Kenny5@aerodefenceservices.com,3313B79BD452868919FA67FB306FA932,Users.php
Legend.Brice5@aerodefenceservices.com,B8B5027BDFE74B458F939BE93322278B,Users.php
Pablo.Lyric5@aerodefenceservices.com,650AA262FCB912E022055842113DAFE5,Users.php
Jay.Judson5@aerodefenceservices.com,0EAF9C340AED5861B5AD6BC6A1D77983,Users.php
Adan.Shiloh5@aerodefenceservices.com,9D8CD488034AFFC360CC95FEE9337718,Users.php
Jensen.Damari5@aerodefenceservices.com,380B63A3FAB7070B9DB619E36B6EC22F,Users.php
Esteban.Kalel5@aerodefenceservices.com,5505322DDFE3BB91AE4CBFC73EB40AD2,Users.php
Kellan.Braiden5@aerodefenceservices.com,557B26A7B5858686022CF1EAFF06D1EA,Users.php
Drake.Brenden5@aerodefenceservices.com,F878134BA39F4D10DE2588641266FF55,Users.php
Warren.Coen5@aerodefenceservices.com,D851ECBF35F39FBB9975E2C658F6165E,Users.php
Ismael.Denver5@aerodefenceservices.com,6F1003280E9BC441588096FED9E61AA9,Users.php
Ari.Javion5@aerodefenceservices.com,19C5BE82F89B00DDCB91E2A0760EE698,Users.php
Russell.Thatcher5@aerodefenceservices.com,146F39D62CD05C48F825E63190B1A9C8,Users.php
Bruce.Rey5@aerodefenceservices.com,899848AE67DFB6FB095DFCD4FCF96AEA,Users.php
Finnegan.Dilan5@aerodefenceservices.com,96B4B005798D2A2DCA7C850CF66D7D92,Users.php
Marcos.Dimitri5@aerodefenceservices.com,78A9830913CBD0E731F937B03FA4F1E9,Users.php
Jayson.Immanuel5@aerodefenceservices.com,35E3449E131472BB224513EBE2DD72BB,Users.php
Theo.Mustafa5@aerodefenceservices.com,4750EA54B955283A9007D6F8F671B58F,Users.php
Jaxton.Ulises5@aerodefenceservices.com,B5BE93303C8F5BBCDC276597CCD5D5ED,Users.php
Phillip.Alvaro5@aerodefenceservices.com,8265395554C9790CE076552D76E89DC9,Users.php
Dexter.Dominique5@aerodefenceservices.com,970AE0718CB74BB5D2462ECB48F72A77,Admin.php
Braylen.Eliseo5@aerodefenceservices.com,CB4C120049F3DE5D773DECCAB195E7ED,Users.php
Armando.Anakin5@aerodefenceservices.com,10F4ED5D4848367A9D02DAC5AAD89320,Users.php
Braden.Craig5@aerodefenceservices.com,76BC3051172174521E309E2A59795F48,Users.php
Corey.Dario5@aerodefenceservices.com,DF5B447B725BD0F3B0336AB5D05CC937,Users.php
Kolton.Santos5@aerodefenceservices.com,BCE1775BDA804BF0A31652599F7E92CE,Users.php
Gerardo.Grey5@aerodefenceservices.com,CD0CB846874FDF4439365B19D909ECC1,Users.php
Ace.Ishaan5@aerodefenceservices.com,46DF9416876ADF8C17F8C75980642B3C,Users.php
Ellis.Jessie5@aerodefenceservices.com,4C16AD5A65E2C8B3C4A5BBBE636A95DF,Users.php
Malcolm.Jonael5@aerodefenceservices.com,65517422DEDED923BB1A0B3AFAB58AFD,Users.php
Tate.Alfred5@aerodefenceservices.com,12CF04B09B74A6EDF2385D2E7A76B283,Users.php
Zachariah.Tyrone5@aerodefenceservices.com,BCA00B5D813B3FD308F716ED34A4F6CD,Users.php
Chandler.Valentin5@aerodefenceservices.com,9F4144C3C7B413F435BF37B83345AAC5,Users.php
Milan.Jadon5@aerodefenceservices.com,00B2DEDB88B8F896840A6303E879B1C8,Users.php
Keith.Turner5@aerodefenceservices.com,48147D6D1A42F1B629F33A5E67D52234,Users.php
Danny.Ignacio5@aerodefenceservices.com,FA60675AACED949E51F3DB280A8F74F4,Users.php
Damon.Riaan5@aerodefenceservices.com,D4107B56B5B9AD7DF7F72B8000C16432,Users.php
Enrique.Rocky5@aerodefenceservices.com,D4DC80611A8E57BCED2B2F054237FFCD,Users.php
Jonas.Ephraim5@aerodefenceservices.com,76D2F1A1C2D830CEFAC44C8C688ECE1A,Users.php
Kane.Marquis5@aerodefenceservices.com,5C8C12EF3C2178A753D7236B34C8F9B1,Users.php
Princeton.Musa5@aerodefenceservices.com,77963D077F4C716EA68F13990BF9DCB8,Users.php
Hugo.Keenan5@aerodefenceservices.com,E335C23466B0FEA3DB2DFCB017C0EADC,Users.php
Ronald.Ridge5@aerodefenceservices.com,BBF99D8571E8285E663F7794F9437CE4,Users.php
Philip.Chace5@aerodefenceservices.com,75CFFA97A47D6657D02826D1DC35E310,Users.php
Ibrahim.Kymani5@aerodefenceservices.com,55B0EE3EEE7FAF85823EA2E375BFA245,Users.php
Kayson.Rodolfo5@aerodefenceservices.com,715A25E5A0568D3D66BA9117628706FC,Users.php
Maximilian.Darrell5@aerodefenceservices.com,6A017314948D0EFABD0F5D94EAEB1674,Users.php
Lawson.Steve5@aerodefenceservices.com,A9F7CCB9A4599352DFA00EE93A4425C2,Users.php
Harvey.Agustin5@aerodefenceservices.com,CAED5490C5EB24A157E50C7A31E11443,Users.php
Albert.Jaziel5@aerodefenceservices.com,2A4C05D73E8D974A5E5557C9F4B6CBA5,Users.php
Donald.Boone5@aerodefenceservices.com,0A8CF23B84BB2D16091FCD37029C1CA4,Users.php
Raul.Cairo5@aerodefenceservices.com,93DE582BB4E84CD9609E3C1377FA9C16,Users.php
Franklin.Kashton5@aerodefenceservices.com,49242F39DDE43F25A73EA6BC128E2DD6,Users.php
Hendrix.Rashad5@aerodefenceservices.com,A3EE106859F9D2C0F7F3CDE1A948B7AC,Users.php
Odin.Gibson5@aerodefenceservices.com,FF6CF5CAC4DC7DC3A26BCA709C5F58C3,Users.php
Brennan.Jabari5@aerodefenceservices.com,179E66B8583318405CF89C53AF295664,Users.php
Jamison.Avi5@aerodefenceservices.com,B8446141286438BC9D163DA8309B858D,Users.php
Dillon.Quintin5@aerodefenceservices.com,A8172BB81B83906A416BEE1CA23195E2,Users.php
Brock.Seamus5@aerodefenceservices.com,9A27391BDAC4A7A3D4488A5AD69DF7A4,Users.php
Landyn.Rolando5@aerodefenceservices.com,1F4625F855E65E4A0E41C9B2FAE7E7C8,Users.php
Mohamed.Sutton5@aerodefenceservices.com,68A446CC7B169F0D8C3A897A6684E5D0,Users.php
Brycen.Camilo5@aerodefenceservices.com,76D6FB5F2C1A739738A58DAAA95D8954,Users.php
Deacon.Triston5@aerodefenceservices.com,BCF51F083B92663DE1F5B0C94C08A606,Users.php
Colby.Yehuda5@aerodefenceservices.com,77961DF5BAB9C968EB066FB0D22403C8,Users.php
Alec.Cristopher5@aerodefenceservices.com,A2E63C0587B3015943CC966ACC6D15E9,Users.php
Julio.Davin5@aerodefenceservices.com,97D0E32AFE33B8E4D792EC8F71BFE142,Users.php
Scott.Ernest5@aerodefenceservices.com,3FB3CEE8B7BD7983A957415D1EED0DD5,Users.php
Matias.Jamarion5@aerodefenceservices.com,9F6547E7D9CA738C412CE1E74FDBF369,Users.php
Sullivan.Kamren5@aerodefenceservices.com,BDA9A9CA4465B41A7EA11EF3C1B4D74D,Users.php
Rodrigo.Salvatore5@aerodefenceservices.com,0AE8C96B621E4073EEF0977D79FB45A2,Users.php
Cason.Anton5@aerodefenceservices.com,2471B053D866618111434CAC6251531C,Users.php
Taylor.Aydan5@aerodefenceservices.com,81FB6408F8642533BD50E90021CFDDA6,Users.php
Rocco.Huxley5@aerodefenceservices.com,62CD91A9B722597D99DF026A85A30FE4,Users.php
Nico.Jovani5@aerodefenceservices.com,FB6BFBCC473CA9182D5D07908826AC79,Users.php
Royal.Wilder5@aerodefenceservices.com,846848F4F45C09253BBE13746DC81973,Users.php
Pierce.Bodie5@aerodefenceservices.com,CBFDE121A185F60F88F461CCFD20A423,Users.php
Augustus.Jordyn5@aerodefenceservices.com,B3929822C142C2574B8BA9F97DE7E1D1,Users.php
Raiden.Louie5@aerodefenceservices.com,4E8014B52A482A05380A5F7A6D6B207D,Users.php
Kasen.Achilles5@aerodefenceservices.com,D647961A0ACAEB40510627FC3C4B6076,Users.php
Benson.Kaeden5@aerodefenceservices.com,22B3AD479E60574181A226EE0E2CF1D4,Users.php
Moses.Kamron5@aerodefenceservices.com,593558ABCDE3CA2D8E600170CAAB67C6,Users.php
Cyrus.Aarush5@aerodefenceservices.com,7A68CADFD4CE7A6D8ABF36B222865136,Users.php
Raylan.Deangelo5@aerodefenceservices.com,36D321184087839A5A43FD8EEEEA8DFD,Users.php
Davis.Robin5@aerodefenceservices.com,5BE267200B8C2A1BF087EA29AC45CD14,Users.php
Khalil.Yadiel5@aerodefenceservices.com,73F4EC09C138405D7D894B1A8A2E97A3,Users.php
Moises.Yahya5@aerodefenceservices.com,1224B2C486B905596E066B0732728AC9,Users.php
Conor.Boden5@aerodefenceservices.com,B8B7CBA7769005376689A170B333DF10,Users.php
Nikolai.Ean5@aerodefenceservices.com,A26E29D94478D32E275825A37093BD86,Users.php
Alijah.Kye5@aerodefenceservices.com,59335F590EBB580D6CFA8326CE6136E6,Users.php
Mathew.Kylen5@aerodefenceservices.com,F5797D387790F7F17AC698AB4AB01CC8,Users.php
Keaton.Todd5@aerodefenceservices.com,8FF475EE4EDC9524BBBBD6D0F19970BF,Users.php
Francis.Truman5@aerodefenceservices.com,40ED07DF62F5B2FFC6846F027396FD7A,Users.php
Quentin.Chevy5@aerodefenceservices.com,B4CB9A23D7A9FCE52192D48F284F1A68,Users.php
Ty.Gilbert5@aerodefenceservices.com,59E9C6FB6C8BA1622C14E8DB93F9C770,Users.php
Jaime.Haiden5@aerodefenceservices.com,53D1432ECD23C5BFB0A588190DC2858D,Users.php
Ronin.Brixton5@aerodefenceservices.com,8ECADF56B50882A46F5243EC12C0B71E,Users.php
Kian.Dangelo5@aerodefenceservices.com,B3A27C24D16C68511D95E3D9EB0F61E3,Users.php
Lennox.Juelz5@aerodefenceservices.com,EA3414A940C814F02A74C2323E09754C,Users.php
Malakai.Osvaldo5@aerodefenceservices.com,20A035C8E7F7B98BADFBE8BEE2D6B074,Admin.php
Atlas.Bishop5@aerodefenceservices.com,20778F4A477256406287636662C3E2BF,Users.php
Jerry.Freddy5@aerodefenceservices.com,E0C5588579AE91EEC0055B3570F062C8,Users.php
Ryland.Reagan5@aerodefenceservices.com,BEEE4383B0CA1C61F2B45E2CB85BE579,Users.php
Ahmed.Frankie5@aerodefenceservices.com,09759B142E07BF84E84DF988E24F8392,Users.php
Saul.Malaki5@aerodefenceservices.com,1B07067114AC98FA1BE7D5A95C4123E0,Users.php
Sterling.Camren5@aerodefenceservices.com,CDEC72C4429B0237030B54726B1601D9,Users.php
Dennis.Deshawn5@aerodefenceservices.com,42B83FAA49CAF3282A42570FA2912692,Users.php
Lawrence.Jayvion5@aerodefenceservices.com,6EAED2B8DF84FDB0FFA4953DFB58A146,Users.php
Zayne.Leroy5@aerodefenceservices.com,199CE376F01D9537B6D95F1F739D6DA5,Users.php
Briar.Jaydon5@aerodefenceservices.com,280B23C8EA7B8CD330D1AACABD6C2B6A,Users.php
Antoine.Smith5@aerodefenceservices.com,EC1300E5FF353924C433A87778A37C1B,Users.php
Emma.Celeste5@aerodefenceservices.com,B5022A51A090FCFC4A75DB8EBC47353D,Users.php
Olivia.Lilian5@aerodefenceservices.com,81F27BD12B8DD3C859521213DE8390D1,Users.php
Sophia.Remi5@aerodefenceservices.com,890C8453CBFEF1A27F96B346EAF4B8C1,Users.php
Ava.Priscilla5@aerodefenceservices.com,40CB498A75BFC9400910011347A249A0,Users.php
Isabella.Jazlyn5@aerodefenceservices.com,F32E7974CF0FA31AABD0EEAC2B027168,Users.php
Mia.Karen5@aerodefenceservices.com,9E0D1E20D7AE7393C464F182B6FA8676,Users.php
Abigail.Savanna5@aerodefenceservices.com,398EAEC36935BFD35C6EACBEB4230B15,Users.php
Emily.Zariah5@aerodefenceservices.com,5C8159B7E59C21DDC513E7ADD5B07BD1,Users.php
Charlotte.Lauryn5@aerodefenceservices.com,7F79EB1B3E7D05F0F9D8D31467512E27,Users.php
Harper.Alanna5@aerodefenceservices.com,E9FF74F61F9F1CF894B13E7405764517,Users.php
Madison.Kara5@aerodefenceservices.com,6F2D8B491245163B52B5D947491ED563,Users.php
Amelia.Karla5@aerodefenceservices.com,1B5753087F09FD402F0F508CDCB94710,Users.php
Elizabeth.Cassandra5@aerodefenceservices.com,FED35D79B2873AA9F487AF33E212A63A,Users.php
Sofia.Ariah5@aerodefenceservices.com,30176551FEAC7A7BAC6798D0165E0BEB,Users.php
Evelyn.Evie5@aerodefenceservices.com,20699D4DD56A7103129D0CC145EABC85,Users.php
Avery.Frances5@aerodefenceservices.com,E0F554905814CF111B73FC476D7D2A88,Users.php
Chloe.Aileen5@aerodefenceservices.com,49BB8FEB4B072D2D6BB69EDEE887C7AC,Users.php
Ella.Lennon5@aerodefenceservices.com,E36E2C57082C08C64091A01811AB0C50,Users.php
Grace.Charley5@aerodefenceservices.com,D33F9E70CC71DC49CD838C4FE369E743,Users.php
Victoria.Rosemary5@aerodefenceservices.com,53D60EA4F141C75597DBF5D151F0B49A,Users.php
Aubrey.Danna5@aerodefenceservices.com,5D62B9A0FC48D2262044152903A033D6,Users.php
Scarlett.Regina5@aerodefenceservices.com,BA03B6D7AE6B69026E40A7DA9CA9021F,Users.php
Zoey.Kaelyn5@aerodefenceservices.com,E6748D54FAD290C93E010BE41EE1CEEF,Users.php
Addison.Virginia5@aerodefenceservices.com,E29B6E74824C3A12EAEA8D330E48D057,Users.php
Lily.Hanna5@aerodefenceservices.com,C5BF91ED38196978DC83B14619BA8221,Users.php
Lillian.Rebekah5@aerodefenceservices.com,1F4C2DAA31EDB8EDAA21DEBBBC1DD248,Users.php
Natalie.Alani5@aerodefenceservices.com,DF7E8C1240A59786FB665D3186582D6B,Users.php
Hannah.Edith5@aerodefenceservices.com,7C464B68BB9470CA3349028EDC94837C,Users.php
Aria.Liana5@aerodefenceservices.com,2016B6ED8B24C3D849645C0C08E3B2F3,Users.php
Layla.Charleigh5@aerodefenceservices.com,28C36A39DED7CE5949C7B04CEF169714,Users.php
Brooklyn.Gloria5@aerodefenceservices.com,20D98537D2DF008E495673028416978A,Users.php
Alexa.Cameron5@aerodefenceservices.com,F34FD8DB482C022122EF51768EEFF718,Users.php
Zoe.Colette5@aerodefenceservices.com,9AC53A00133797737615D1FEF0FAC1A1,Users.php
Penelope.Kailey5@aerodefenceservices.com,EC4429213FE1DF857A8E8DA959495E5D,Users.php
Riley.Carter5@aerodefenceservices.com,6F40ECA27FA21863D7198D9197EC88F9,Users.php
Leah.Helena5@aerodefenceservices.com,7F89F9757252829CCA5B8DAB637693B7,Users.php
Audrey.Matilda5@aerodefenceservices.com,442D4CE8C0C671741D206F81AFA104A8,Users.php
Savannah.Imani5@aerodefenceservices.com,9D25B261EDFDF67D12E4B46504A92AAD,Users.php
Allison.Bridget5@aerodefenceservices.com,16804964CEC7F6A1BB5D0D2C980087E4,Users.php
Samantha.Cynthia5@aerodefenceservices.com,4170FD182A6A3CBC3319B3E4A26A296F,Users.php
Nora.Janiyah5@aerodefenceservices.com,5E12A906A253CF476191713172464FC4,Users.php
Skylar.Marissa5@aerodefenceservices.com,D7B03C6EB22DBF8F19C6146955EB4C7D,Users.php
Camila.Johanna5@aerodefenceservices.com,88ECD25C6F432130C68C5B2B632118DD,Users.php
Anna.Sasha5@aerodefenceservices.com,3A8EEEF007219196AC2A765834A991CF,Users.php
Paisley.Kaliyah5@aerodefenceservices.com,7C2BF9ABE981AA082542C6F6494CFCBE,Users.php
Ariana.Cecelia5@aerodefenceservices.com,74EA6DBB7BABF803981F677D8E0BFBFD,Users.php
Ellie.Adelina5@aerodefenceservices.com,040702D6BC65D7F3D8E5C8FF7DC08E78,Users.php
Aaliyah.Jessa5@aerodefenceservices.com,9EAC40CAB054001886B4B243FEB023B0,Users.php
Claire.Hayley5@aerodefenceservices.com,97B8879580F8F81CF4E1D9C672A1FEC3,Users.php
Violet.Julissa5@aerodefenceservices.com,CEC6015E4C07BEB600BC125F1C84D1AC,Users.php
Stella.Winter5@aerodefenceservices.com,D142623146A6EF929C0B49F35084B54F,Users.php
Sadie.Crystal5@aerodefenceservices.com,27E960597106367F17CF659A39D9298D,Users.php
Mila.Kaylie5@aerodefenceservices.com,BE0A42F29FA93A77E74907A344BFFF99,Users.php
Gabriella.Bailee5@aerodefenceservices.com,81E41112ABBB1220E5EAF67516241C36,Users.php
Lucy.Charli5@aerodefenceservices.com,6D7D432455AACAD0F1D72F493E1CDA4A,Users.php
Arianna.Henley5@aerodefenceservices.com,AD29AE7F6CF7E41A20C4E0B42CAE77C4,Users.php
Kennedy.Anya5@aerodefenceservices.com,4C0EEC148C49FBCBE6CE25B698DE90D4,Users.php
Sarah.Maia5@aerodefenceservices.com,294A69173F2D13EF7A0F6B9D39678E67,Users.php
Madelyn.Skyla5@aerodefenceservices.com,7A32CDC43085C40C21BCEB5F8CA1BC04,Users.php
Eleanor.Liberty5@aerodefenceservices.com,2125501A1AF76792387045246A2B8653,Users.php
Kaylee.Fernanda5@aerodefenceservices.com,258AA033AB06E4FD5F1B3604987CD005,Users.php
Caroline.Monica5@aerodefenceservices.com,7D468182CB961E6198FED777085436AB,Users.php
Hazel.Braylee5@aerodefenceservices.com,F033D44DFBAB29F1A4851A0B11FA53D5,Users.php
Hailey.Dallas5@aerodefenceservices.com,BA1A868E164F0E0E0A025CDBD4BB4390,Users.php
Genesis.Mariam5@aerodefenceservices.com,2A89D7ABDC287A7389D97B0B177BF491,Users.php
Kylie.Marie5@aerodefenceservices.com,60B9AD6ECAA46AB908A5A525E88925E6,Users.php
Autumn.Beatrice5@aerodefenceservices.com,2DF7A7B0258007609B26351C7F617D76,Admin.php
Piper.Hallie5@aerodefenceservices.com,25ABA226DE69CC24F46208617FD35C2D,Users.php
Maya.Maryam5@aerodefenceservices.com,5430E8CD8E8825722318C9617858780F,Users.php
Nevaeh.Angelique5@aerodefenceservices.com,BD91458C1448A5A2B21B09147E106399,Users.php
Serenity.Anne5@aerodefenceservices.com,46FDEEA4BBAEDFDC6B922DCC711195CC,Users.php
Peyton.Madalyn5@aerodefenceservices.com,46DA212DB18E9EED079F4ECC6A12BF3D,Users.php
Mackenzie.Alayah5@aerodefenceservices.com,5CB329F6E3C6165591BDA17D9736536A,Users.php
Bella.Annika5@aerodefenceservices.com,B89FB4033C177EBCD3B76BD3015FB135,Users.php
Eva.Greta5@aerodefenceservices.com,C2B5565511FD794BC1F1BFF97A8028FE,Users.php
Taylor.Lilyana5@aerodefenceservices.com,10A2255E7FABADD4EE4D46438F30D1BE,Users.php
Naomi.Kadence5@aerodefenceservices.com,C62EB0FD767547C549F206D4777F81A5,Users.php
Aubree.Coraline5@aerodefenceservices.com,3653A3D3DA4F2A993A7F38D4D08A93D3,Users.php
Aurora.Lainey5@aerodefenceservices.com,A814467C95489B1096FFB7F4347DB2D9,Users.php
Melanie.Mabel5@aerodefenceservices.com,931C8AE1A98130554629743E9364E221,Users.php
Lydia.Lillie5@aerodefenceservices.com,2C032DF34EBF5ADB94C45122E6634859,Users.php
Brianna.Anika5@aerodefenceservices.com,065A7925AD7501D59B98F676F5E95F80,Users.php
Ruby.Azalea5@aerodefenceservices.com,2762DC976BA007F08B650022B4C9EDC1,Users.php
Katherine.Dayana5@aerodefenceservices.com,B0705966008F8F24C1C66C72DE1E5837,Users.php
Ashley.Jaliyah5@aerodefenceservices.com,80536AA4B8B5228BBBDF7BA2D6121FE9,Users.php
Alexis.Addisyn5@aerodefenceservices.com,2033383905336BDD741F4ADD120206E1,Users.php
Alice.Emilee5@aerodefenceservices.com,D69487EEAAE9F48E4B93A0EBB39A6E0F,Users.php
Cora.Mira5@aerodefenceservices.com,9D081478CD215721D86C87C0F91AE67D,Users.php
Julia.Angie5@aerodefenceservices.com,9F05E53C6337A5E70C42A1D15BEA60A5,Users.php
Madeline.Lilith5@aerodefenceservices.com,FB437F4020D60ED629EDFA42FD9B5A8D,Users.php
Faith.Mae5@aerodefenceservices.com,1AF2615C92CEABD0A9054E1A12297C7F,Users.php
Annabelle.Meredith5@aerodefenceservices.com,012C71CA8E495905A3B84D4C8333DC04,Users.php
Alyssa.Guadalupe5@aerodefenceservices.com,685142D1568430E0AA9999E338C0BDCF,Users.php
Isabelle.Emelia5@aerodefenceservices.com,8E97DA7DF5908808D70570DEDC1BAF44,Users.php
Vivian.Margot5@aerodefenceservices.com,DC53B39ACC7367F805EAE01077E3271B,Users.php
Gianna.Melina5@aerodefenceservices.com,6D6224A27A7BE3A2844AE426978A4CC7,Users.php
BELLISSIMA.Aniya5@aerodefenceservices.com,2C8904CE69980A1D9A26BEF7DDA03F87,Users.php
Quinn.Alena5@aerodefenceservices.com,E01D4E58D87AD8AB5A65D5DD462C172B,Users.php
Clara.Myra5@aerodefenceservices.com,E9B6776B5E97FF65547B6A97F194A04F,Users.php
Reagan.Elianna5@aerodefenceservices.com,13AEAEA452AFDD63510480FF35E0DF3F,Users.php
Khloe.Caitlyn5@aerodefenceservices.com,C37F68214BFDCC003CF95B5071F27B9A,Users.php
Alexandra.Jaelynn5@aerodefenceservices.com,AC5C60CA93C84B3CD0BB8CCE4E378CA8,Users.php
Hadley.Jaelyn5@aerodefenceservices.com,A5BF0D8B90462A761ACE10A235BEF81C,Users.php
Eliana.Demi5@aerodefenceservices.com,901B47D7FDBA3278A1C91824B63A00AD,Users.php
Sophie.Mikaela5@aerodefenceservices.com,37F2D313608C854AA46E87C082E55099,Users.php
London.Tiana5@aerodefenceservices.com,1A340025EA48E4C40F4CF63C5E6D65CF,Users.php
Elena.Blair5@aerodefenceservices.com,B6BAFEB5D7C7DAD9E88D5EA26B477185,Users.php
Kimberly.Shiloh5@aerodefenceservices.com,9C1991DD8F6F62085B0F8B3C972A1EAB,Users.php
Bailey.Ariyah5@aerodefenceservices.com,9933CA870DADD2308E36B54D90228955,Users.php
Maria.Saylor5@aerodefenceservices.com,F823449532028ECFF4BEE6D8F8F1F4E7,Users.php
Luna.Caitlin5@aerodefenceservices.com,7A516428D6C87D146BB873515EEFD5F9,Users.php
Willow.Lindsey5@aerodefenceservices.com,95B30E6FA60FB4E7FAFF535885AC0C03,Users.php
Jasmine.Oakley5@aerodefenceservices.com,FC767443E9FBC991F6E21CC21E59F46E,Users.php
Kinsley.Alia5@aerodefenceservices.com,7FF4A3B2770D6A41D90154730F11B7EF,Users.php
Valentina.Everleigh5@aerodefenceservices.com,6F6FD919F07F3402E8FB866CFCC47B24,Users.php
Kayla.Ivanna5@aerodefenceservices.com,4D69D4D281012C6D645C2C2A9002C590,Users.php
Delilah.Miah5@aerodefenceservices.com,F2A4BF5D69BF684032547D49134AC22F,Users.php
Andrea.Emmy5@aerodefenceservices.com,CBA003632B3C6E722176E527DA2764F9,Users.php
Natalia.Jessie5@aerodefenceservices.com,94D794614E5099D57415C43B6A6F6E79,Users.php
Lauren.Anahi5@aerodefenceservices.com,0053B01031497B7D411571666A34593E,Users.php
Morgan.Kaylin5@aerodefenceservices.com,1079221C6FC8BF7B2882EDE0A3652C73,Users.php
Rylee.Ansley5@aerodefenceservices.com,9815D2F58A42DD7787E2A87D148A4C1D,Users.php
Sydney.Annabel5@aerodefenceservices.com,0187BF50DD74C2C281C4E043F45C3AEA,Users.php
Adalynn.Remington5@aerodefenceservices.com,02872305B1D04D17CD172D01D5C38AAB,Users.php
Mary.Kora5@aerodefenceservices.com,FA630475F4A59B341850AC2C1A7BD77E,Users.php
Ximena.Maisie5@aerodefenceservices.com,CDA4F25AECCF7E4C73CA1CC782FDECE0,Users.php
Jade.Nathalie5@aerodefenceservices.com,7C0FF4D4D9177CFE57B211448A28C853,Users.php
Liliana.Emory5@aerodefenceservices.com,C2BF5E0BDB92FB34EE409540F51BE2C5,Users.php
Brielle.Karsyn5@aerodefenceservices.com,08DB77B2EC314315D3BEB7BB8CAC7219,Users.php
Ivy.Pearl5@aerodefenceservices.com,555BBAECDD085DA539E7361C9F7207CB,Users.php
Trinity.Irene5@aerodefenceservices.com,3586C409228DEECA08D6D44E71A6DC5F,Users.php
Josephine.Kimber5@aerodefenceservices.com,C58AA8AFA36FA6FAE1F7F8B846A488C2,Users.php
Adalyn.Rosa5@aerodefenceservices.com,F755DF1816C022F9129A63E4200F51FB,Users.php
Jocelyn.Lylah5@aerodefenceservices.com,DBD8154D4D07188C569A778D23FF8EAC,Users.php
Emery.Magnolia5@aerodefenceservices.com,32DD713A853C66BCBB5CD54A52937A9F,Users.php
Adeline.Samara5@aerodefenceservices.com,EBC9D9B004FACE90019C76EBF5C6990E,Users.php
Jordyn.Elliot5@aerodefenceservices.com,5F5A3FC8A399165A5A662769787A2570,Users.php
Ariel.Renata5@aerodefenceservices.com,E0D8D60ADCC0753666559A3F9CDA9C3B,Users.php
Everly.Galilea5@aerodefenceservices.com,EF90FCEC2B369FD71FDB9A60FDA6AF74,Users.php
Lilly.Kensley5@aerodefenceservices.com,4CF6E31FADB81381D08CC0922420C7C3,Users.php
Paige.Kiera5@aerodefenceservices.com,D7750FC82EA037E104D6ED158302E2C9,Users.php
Isla.Whitney5@aerodefenceservices.com,84C6CD1DE8DD7BFE91F334AE394598A9,Users.php
Lyla.Amelie5@aerodefenceservices.com,F4D0D8805926AC97A4EF69461C992126,Users.php
Makayla.Siena5@aerodefenceservices.com,5AFF2ABD9E6B6D59D5931DB60984C9E2,Users.php
Molly.Bria5@aerodefenceservices.com,EEAB25CF26ADF08E198BC8F95656E2D7,Users.php
Emilia.Laney5@aerodefenceservices.com,2BA782FE4EF25353D7EDCBFE64FCC015,Users.php
Mya.Perla5@aerodefenceservices.com,0349FD15DF1813661DE71D37374EEA82,Users.php
Kendall.Tatiana5@aerodefenceservices.com,429CC0CCAD22FBE5D393470C9251E2D5,Users.php
Melody.Zelda5@aerodefenceservices.com,5D8A8A4C366D2CD5247EC79E126B67A7,Users.php
Isabel.Jaycee5@aerodefenceservices.com,C2E9FBF659D76113FEB631B7CE81B405,Users.php
Brooke.Kori5@aerodefenceservices.com,CCF90490D2DEB4B6EEE44463A0EC1548,Users.php
Mckenzie.Montserrat5@aerodefenceservices.com,CB13EB9023382EEB695C61C719EBD3F7,Users.php
Nicole.Lorelai5@aerodefenceservices.com,6738295C0F82078709077458762E8314,Users.php
Payton.Adele5@aerodefenceservices.com,003FCFB85EABFD18753BB9860D471F1B,Users.php
Margaret.Elyse5@aerodefenceservices.com,29DB120CC66D910746CF35F511B3891C,Users.php
Mariah.Katelynn5@aerodefenceservices.com,821391C29313D91AFA7040E65E96EA78,Users.php
Eden.Kynlee5@aerodefenceservices.com,D71BF01285AC41A7EB66F0040E4DD64E,Users.php
Athena.Marina5@aerodefenceservices.com,0B7104C4C9D1E125204A1F5E26EC0EB1,Users.php
Amy.Jayden5@aerodefenceservices.com,56169B3B5EB8ABA63429C30E35151599,Users.php
Norah.Kailyn5@aerodefenceservices.com,5C67A46FACED94B7A735F908658989A1,Users.php
Londyn.Avah5@aerodefenceservices.com,5C6C868275715EDBC435E1F2A75E3366,Users.php
Valeria.Kenley5@aerodefenceservices.com,B222F12DFC4D73EFC9DFA7D40C3A5C40,Users.php
Sara.Aviana5@aerodefenceservices.com,6602D7A3D491C04A3A9D6BD4B77534D0,Users.php
Aliyah.Armani5@aerodefenceservices.com,219526014959181D39F0486586D6CC2B,Users.php
Angelina.Dulce5@aerodefenceservices.com,C9176D2AC941C03F58560E56A4061D14,Users.php
Gracie.Alaia5@aerodefenceservices.com,A8C0C3C2BAB9BF8B7365DA5CEA54AB5E,Users.php
Rose.Teresa5@aerodefenceservices.com,CD889B55A6BA2014F06C28C902D20C38,Users.php
Rachel.Natasha5@aerodefenceservices.com,8F44AC2919838AF48DBE602DEDE649E3,Users.php
Juliana.Milani5@aerodefenceservices.com,DB64A4C6692176DD4BDA361507B33888,Users.php
Laila.Amirah5@aerodefenceservices.com,4D6E3670849EF21B610AE04673E828A6,Users.php
Brooklynn.Breanna5@aerodefenceservices.com,AA7F6FC88FE4E09F30364773833981A3,Users.php
Valerie.Linda5@aerodefenceservices.com,BCACC2B61999350E65734FCFFD6951E5,Users.php
Alina.Tenley5@aerodefenceservices.com,1E39D799A6E99A0E1194AF0F49D4A1A4,Users.php
Reese.Sutton5@aerodefenceservices.com,003AC34E96241355D59C305864ED2017,Users.php
Elise.Elaine5@aerodefenceservices.com,197BFC87F24201C74630E187FECABFCC,Users.php
Eliza.Elliott5@aerodefenceservices.com,B25C4CBD2D1797AE5989A3AB5DCADE21,Users.php
Alaina.Aliza5@aerodefenceservices.com,A943BEC6ABBA5F1342A096CD48C7C9B5,Users.php
Raelynn.Kenna5@aerodefenceservices.com,6BE8B3D0DFB3D9FA79E68899C1108471,Users.php
Leilani.Meadow5@aerodefenceservices.com,1527E3A96214748B41EFAE9A7107BD3C,Users.php
Catherine.Alyson5@aerodefenceservices.com,D5DF5060F50D42B2CA5292A2CCCC3640,Users.php
Emerson.Rory5@aerodefenceservices.com,3D09E9F3B6DAD18AAE7D85A95177BA37,Users.php
Cecilia.Milana5@aerodefenceservices.com,FDE2AA31577DFA3C22998954C2919975,Users.php
Genevieve.Erica5@aerodefenceservices.com,6362B6409FBE76138B577D6F444C66AB,Users.php
Daisy.Esme5@aerodefenceservices.com,9E4D159FAFCF3DF9A958C7C048C08812,Users.php
Harmony.Leona5@aerodefenceservices.com,CDF49EBFEC1B460AE9838D2B9D115239,Users.php
Vanessa.Joselyn5@aerodefenceservices.com,717D17600CC8E8B2B07D21693D7C9A9E,Users.php
Adriana.Madalynn5@aerodefenceservices.com,DFD92547C09B10010605231DFF7ED2C8,Users.php
Presley.Alma5@aerodefenceservices.com,F1B3179DF8E14C158A1F4EB516CAB9ED,Users.php
Rebecca.Chanel5@aerodefenceservices.com,48CDF91F44EDECF7504AC6EC61D6DBDA,Users.php
Destiny.Myah5@aerodefenceservices.com,0056EAD8C3661F511035CE32572F00CD,Users.php
Hayden.Karter5@aerodefenceservices.com,32F74ACA1A7490C55E3B3C16D91E7E90,Users.php
Julianna.Zahra5@aerodefenceservices.com,EBEC5B4C0CD1E83F38FFB26E5C407425,Users.php
Michelle.Audrina5@aerodefenceservices.com,DC78AC76D63696FCE3E6B989CF3FF930,Users.php
Adelyn.Ariya5@aerodefenceservices.com,28EA6F36A98D81588D3F9F944877C00F,Admin.php
Arabella.Jemma5@aerodefenceservices.com,C86EE847C012D2305A80D68A434F21BC,Users.php
Summer.Eileen5@aerodefenceservices.com,D1EBA36A56D6490C796763C6A99C5D1D,Users.php
Callie.Kallie5@aerodefenceservices.com,CD778C88C2DCABC66BF7B0507864D8BD,Users.php
Kaitlyn.Milan5@aerodefenceservices.com,2826D50EE2119547AF5C95E3D25DDC42,Users.php
Ryleigh.Emmalynn5@aerodefenceservices.com,599C87AFB4B81E0AA9577EEFDFB878C1,Users.php
Lila.Lailah5@aerodefenceservices.com,15D0E58F1785DC9E9FA9A240B5515931,Users.php
Daniela.Sloan5@aerodefenceservices.com,BF5587322587A464EC12946C3FB9CB9E,Users.php
Arya.Clarissa5@aerodefenceservices.com,4B9F73ECDB39528A1B4B1A676C831F1B,Users.php
Alana.Karlee5@aerodefenceservices.com,A82522C1E5F56C44B6B68146C504D517,Users.php
Esther.Laylah5@aerodefenceservices.com,0CAB32E8DD9E1B1B8D78834AC7CAAD20,Users.php
Finley.Amiya5@aerodefenceservices.com,059F75893782F0217635FF29C8588E2E,Users.php
Gabrielle.Collins5@aerodefenceservices.com,8DE0BA481FDB8A7F181ADA6BE0604AA2,Users.php
Jessica.Ellen5@aerodefenceservices.com,9879FED06F14B472DD6D3C8AF26BD4C5,Users.php
Charlie.Hadassah5@aerodefenceservices.com,840DAABFC50B89C5ED1DE0FFB31B9701,Users.php
Stephanie.Danica5@aerodefenceservices.com,C3935352600BAF3D4BACB2A2EA9C0121,Users.php
Tessa.Jaylene5@aerodefenceservices.com,C17B214DCEE13C0D828034A5E056D681,Users.php
Makenzie.Averi5@aerodefenceservices.com,78E0292F43A0ABBBA085C9DC08DFDA15,Users.php
Ana.Reyna5@aerodefenceservices.com,526B460B5DD12952A04E45C340646989,Users.php
Amaya.Saige5@aerodefenceservices.com,0B716215CD6D2929346FE097A232C102,Users.php
Alexandria.Wren5@aerodefenceservices.com,AFA489B4AE968F04DCC0C225E54E209E,Users.php
Alivia.Lexie5@aerodefenceservices.com,EF46C7FF44BBB7EABB837BE4498207CE,Users.php
Nova.Dorothy5@aerodefenceservices.com,375A711C4F09C17EF4E6DC54694B5DF0,Users.php
Anastasia.Lilianna5@aerodefenceservices.com,7DD971A072B94A2D9F664B4DE2DCFB06,Users.php
Iris.Monroe5@aerodefenceservices.com,7C329F744C724E5338D4457D75FA7FF0,Users.php
Marley.Aryanna5@aerodefenceservices.com,F76DE1296272E3B7DB1CF49E17D78E5A,Users.php
Fiona.Elisabeth5@aerodefenceservices.com,7BE8D8C32C3AE300CDDBE30C9F020AA6,Users.php
Angela.Ivory5@aerodefenceservices.com,C7B1575B624E8099A2D5103FC1E291A5,Users.php
Giselle.Liv5@aerodefenceservices.com,99EEF7205EF2964FD5C43948BBF8B5A8,Users.php
Kate.Janessa5@aerodefenceservices.com,3F17E255531514E257DA52AC6C45C4F9,Users.php
Alayna.Jaylynn5@aerodefenceservices.com,E28C14EC9843FD20B8D3C4E37DD4E146,Users.php
Lola.Livia5@aerodefenceservices.com,2636D40133F328A715C7D8141BEBB0F4,Users.php
Lucia.Rayna5@aerodefenceservices.com,F9817440465B6DAF681D9BDFEF048F2C,Users.php
Juliette.Alaya5@aerodefenceservices.com,6E443DB73274213A8A5ED007C42B40D8,Users.php
Parker.Malaya5@aerodefenceservices.com,FE39B2524C5D9D67A3784455672EC992,Users.php
Teagan.Cara5@aerodefenceservices.com,29C20C8D7075A65D495C454C8556C999,Users.php
Sienna.Erika5@aerodefenceservices.com,22D2369598415B47689B48ADCA3E70A1,Users.php
Georgia.Amani5@aerodefenceservices.com,A261AC7E5F8759A5ABDA2FEBDBC757A3,Users.php
Hope.Clare5@aerodefenceservices.com,FE0E48F8EA20FE3884C8770FB2AD5A2E,Users.php
Cali.Addilynn5@aerodefenceservices.com,2F9C617656F7E678D4A278DBEF16D82A,Users.php
Vivienne.Roselyn5@aerodefenceservices.com,873A7A87DBCCD04B5BB4F91E2FFF0434,Users.php
Izabella.Corinne5@aerodefenceservices.com,E7C1C7CE74AB6D7ADEE31E3836766169,Users.php
Kinley.Paola5@aerodefenceservices.com,64750B3D2C69C5ABF25E1AA9D8ABA3C8,Users.php
Daleyza.Jolene5@aerodefenceservices.com,C08B228CDEC9C8B2A31B7070387F6AFD,Users.php
Kylee.Anabelle5@aerodefenceservices.com,A0B527ACD0C131FC2F083147EF891623,Users.php
Jayla.Aliana5@aerodefenceservices.com,1A077205971CC6625BA624F529B596D8,Users.php
Katelyn.Lea5@aerodefenceservices.com,2CDE47E56C4D00F2EDA644DB8E938345,Users.php
Juliet.Mara5@aerodefenceservices.com,EEC2FCDBBED3CBBB905D08CA3D501292,Users.php
Maggie.Lennox5@aerodefenceservices.com,C291D8D2CAD73F97A976718566AB44EB,Users.php
Dakota.Claudia5@aerodefenceservices.com,8C9A292B903287E2657BF7BF2CF25C7D,Users.php
Delaney.Kristina5@aerodefenceservices.com,CD19DD5FB573DC75C5989A324C601EC1,Users.php
Brynlee.Jaylee5@aerodefenceservices.com,26F64616FBD5584622C5DB8392F7F200,Users.php
Keira.Kaylynn5@aerodefenceservices.com,4E10ED3BC088404A01D1C804C3782D76,Users.php
Camille.Zariyah5@aerodefenceservices.com,CB9305F1D2D3FF1E06D65592505C8307,Users.php
Leila.Gwen5@aerodefenceservices.com,A4F4B7D84E3174ADE9BF888E818AA991,Users.php
Mckenna.Kinslee5@aerodefenceservices.com,4D92910FC9339C800826CD14CDEA070E,Users.php
Aniyah.Avianna5@aerodefenceservices.com,D55D6BCB92FF07EE549C02D327DA4CFD,Users.php
Noelle.Lisa5@aerodefenceservices.com,361F6BC073F96DA4D725E8E300DC844F,Users.php
Josie.Raquel5@aerodefenceservices.com,799531B6432AE8551D2FA1A94C1A52DB,Users.php
Jennifer.Jolie5@aerodefenceservices.com,77629EF9B5DD8ED2B2A127AECB28D05A,Users.php
Melissa.Carolyn5@aerodefenceservices.com,56A3A745F845D1B3CF6CE2DA8406110E,Users.php
Gabriela.Courtney5@aerodefenceservices.com,E810076A9D11DAF392C0BFB56266BF51,Users.php
Allie.Penny5@aerodefenceservices.com,119D94554BE3437B0B05F5915B5F8601,Users.php
Eloise.Royal5@aerodefenceservices.com,D208CB8343DB5CA3D301E95C0DD6E673,Users.php
Cassidy.Alannah5@aerodefenceservices.com,23487AAA0EDC91E350150DBC9631933B,Users.php
Jacqueline.Ciara5@aerodefenceservices.com,C8E623981B5501C0546A28E4882A30FD,Users.php
Brynn.Chaya5@aerodefenceservices.com,D40AE538EA0FCF6B0FF882CBB9E10C8A,Users.php
Sawyer.Kassandra5@aerodefenceservices.com,DE21D14D330BBD7E3CC1C255486B669F,Users.php
Evangeline.Milena5@aerodefenceservices.com,44F4DD820183D668708E212AA32738EB,Users.php
Jordan.Mina5@aerodefenceservices.com,3512B7F739470423D92CA3697DA5A35F,Users.php
Paris.Noa5@aerodefenceservices.com,5FD87AA8DF90B6C24ADCA23DA370FA3C,Users.php
Olive.Leanna5@aerodefenceservices.com,83E176C824DD104A1A5C4C02F24B238C,Users.php
Ayla.Zoie5@aerodefenceservices.com,85559AECBBCC98AFB42EC36DDFD7D248,Users.php
Rosalie.Ariadne5@aerodefenceservices.com,B483C153CA913C4615B1509CFD7905C4,Users.php
Kali.Monserrat5@aerodefenceservices.com,23C1A5957041A3CECC8C1956E00A9BF3,Users.php
Maci.Nola5@aerodefenceservices.com,59FB224DF873D3107205FAE27A2440D2,Users.php
Gemma.Carlee5@aerodefenceservices.com,AC1A2D6C2408225EB72492259503C476,Users.php
Lilliana.Isabela5@aerodefenceservices.com,8853C101385508473BDD388BCD88E600,Users.php
Raegan.Jazlynn5@aerodefenceservices.com,8DF1A54DC8AB004E0C5274A06AE25FE1,Users.php
Lena.Kairi5@aerodefenceservices.com,401DA62637A7E19C8AC6DA7FAA1A2849,Users.php
Adelaide.Laurel5@aerodefenceservices.com,9EE52C4DD0B9C52ED685488DAE54DD8C,Users.php
Journey.Sky5@aerodefenceservices.com,57E5F8F14F0BCC87C20669001C3F6333,Users.php
Adelynn.Rosie5@aerodefenceservices.com,4DC5C2A950BC13781DCEF4DA822E7419,Users.php
Alessandra.Arely5@aerodefenceservices.com,00476D36ACA3E1F1F4A193CFF2A8F59D,Users.php
Kenzie.Aubrielle5@aerodefenceservices.com,DED60F367BDFD0390628F2AA8AFE6560,Users.php
Miranda.Kenia5@aerodefenceservices.com,F1D56796A1E7EDC663659216D249F9F4,Users.php
Haley.Noemi5@aerodefenceservices.com,FB769437714106066EF409EFA05C50F6,Users.php
June.Scarlette5@aerodefenceservices.com,ED705A73902BF1509E14ABB572D82DEB,Users.php
Harley.Farrah5@aerodefenceservices.com,9D21B808322336B17FAE532FE96E93F8,Users.php
Charlee.Leyla5@aerodefenceservices.com,BDEC0FE9F4B164A76A7B0B418FB9F22C,Users.php
Lucille.Amia5@aerodefenceservices.com,7D4ADE78AF84DBEFA9CA0AADEFBAA11C,Users.php
Talia.Bryanna5@aerodefenceservices.com,56B619AF150551CC3DC32A73BB09B1DE,Users.php
Skyler.Naya5@aerodefenceservices.com,387AAB0496D841BE4984139A651F68FE,Users.php
Makenna.Wynter5@aerodefenceservices.com,B921466BD09112405E4BED73A008EED2,Users.php
Phoebe.Hunter5@aerodefenceservices.com,175CBFA2B8E480E07AAEF828C8661B59,Users.php
Jane.Katalina5@aerodefenceservices.com,22244CB966CEA1F11A5FE1900CCEF272,Users.php
Lyric.Taliyah5@aerodefenceservices.com,5813D0BAC3DB5CC07314A45BECDA4976,Users.php
Angel.Amaris5@aerodefenceservices.com,B56CACAF68A9A0F57A01803A6775CA55,Users.php
Elaina.Emerie5@aerodefenceservices.com,0E8FE08E49D26A6DB06D0D3AB71B0295,Users.php
Adrianna.Martha5@aerodefenceservices.com,F0754CBDB9F77388DD6A290D930048F4,Users.php
Ruth.Thalia5@aerodefenceservices.com,F40660076FE7F4F7530401D594DF5C44,Users.php
Miriam.Christine5@aerodefenceservices.com,A952161B23A927CCB58B67645FE4E1C1,Users.php
Diana.Estrella5@aerodefenceservices.com,398FE553270761498883F2BBD647CA20,Users.php
Mariana.Brenna5@aerodefenceservices.com,14EB33374515418233F4A5FB256FC0CE,Users.php
Danielle.Milania5@aerodefenceservices.com,A8306A1B43A44F6DE54D5A7E7EDF73E8,Users.php
Jenna.Salma5@aerodefenceservices.com,A388E424EA8040C109937C04EAE0CB26,Users.php
Shelby.Lillianna5@aerodefenceservices.com,32104DA4511BFAA8496493A97B963DD1,Users.php
Nina.Marjorie5@aerodefenceservices.com,4858C004B65CD1B02236E33C60C8659D,Users.php
Madeleine.Shayla5@aerodefenceservices.com,3E1ED34C2281602A49588E5DCE2D170B,Users.php
Elliana.Zendaya5@aerodefenceservices.com,57B3A0525BB1680182735A19F2E1DA90,Admin.php
Amina.Aurelia5@aerodefenceservices.com,874857620489DC5AE776C0721917A7E8,Users.php
Amiyah.Brenda5@aerodefenceservices.com,D1EC30C45FDE0B8DE054C73F189AFC4C,Users.php
Chelsea.Julieta5@aerodefenceservices.com,F917B645A93ECB81E0DA7C0A9622BB0D,Users.php
Joanna.Adilynn5@aerodefenceservices.com,6E56B03903B6EEC5E638877C710D494F,Users.php
Jada.Deborah5@aerodefenceservices.com,3BCEE187589E9D7AEB4A158A0A0F1B5D,Users.php
Lexi.Keyla5@aerodefenceservices.com,13586A6CD82DBE41968C043F39E07930,Users.php
Katie.Patricia5@aerodefenceservices.com,4BA4FCB84F22955BC25FEF36F72A9656,Users.php
Maddison.Emmeline5@aerodefenceservices.com,6A044A6246E9085597CA92FBD0253CFF,Users.php
Fatima.Hadlee5@aerodefenceservices.com,24AA68E6D2F07A7F0E5D9C3EF3D193AA,Users.php
Vera.Giovanna5@aerodefenceservices.com,F4CB4FD69DA6A6AEB61836F7AC1ABFB1,Users.php
Malia.Kailee5@aerodefenceservices.com,603279DA5C1619EEA99EFE142B28669B,Users.php
Lilah.Desiree5@aerodefenceservices.com,B0040DC56E2EBF0F49671C966408CC50,Users.php
Madilyn.Casey5@aerodefenceservices.com,FF286F8968B739305E48CEEDBAE031D0,Users.php
Amanda.Karlie5@aerodefenceservices.com,7898E3F081B4B0BD84D5A9DBD4DCD27D,Users.php
Daniella.Khaleesi5@aerodefenceservices.com,7F00FBDC3FB272E3C945DAC256F549DB,Users.php
Alexia.Lara5@aerodefenceservices.com,FF47CC65671C5A0CC48CF0C84ACCC248,Users.php
Kathryn.Tori5@aerodefenceservices.com,8C913E78FE8043F5F2B0F7E204CF3A65,Users.php
Paislee.Clementine5@aerodefenceservices.com,BF50116733736B35451C58A3A7E757E8,Users.php
Selena.Nancy5@aerodefenceservices.com,8E710FB04CCD94DFC752359FA9D34DBC,Users.php
Laura.Simone5@aerodefenceservices.com,952FD316227934940EAA93C9FB331C13,Users.php
Annie.Ayleen5@aerodefenceservices.com,E96D82C6F0D76A98D8963A6D5E370127,Users.php
Nyla.Estelle5@aerodefenceservices.com,C62BFD5C56900F1783F7A56705A13D39,Users.php
Catalina.Celine5@aerodefenceservices.com,632942D72C9C5FE88CA5BF9438A01E07,Users.php
Kayleigh.Madyson5@aerodefenceservices.com,C8B091C56F897F4E6B07B100EAF8E7FB,Users.php
Sloane.Zaniyah5@aerodefenceservices.com,A97F30D1A6956E549B60B94C912DFB08,Users.php
Kamila.Adley5@aerodefenceservices.com,A8ADC21D1F1D7EE46C0B5C58D89F47B4,Users.php
Lia.Amalia5@aerodefenceservices.com,75C1E64FE5F54CFE74771A90839BD382,Users.php
Haven.Paityn5@aerodefenceservices.com,C19809621387DE362820D3E48987FFD6,Users.php
Rowan.Kathleen5@aerodefenceservices.com,4B89615B4AB81F2A05B4EFDCA1EC6957,Users.php
Ashlyn.Sandra5@aerodefenceservices.com,9F1EAB540A5AD5516163359E29D18FEE,Users.php
Christina.Lizbeth5@aerodefenceservices.com,607C69543BEB4DB7073273AFD3A4277B,Users.php
Amber.Maleah5@aerodefenceservices.com,40A58BCAC85FA94D5F0CCFE42054C321,Users.php
Myla.Micah5@aerodefenceservices.com,22FC9A0899A0B7AF8F40EFCD40397ACA,Users.php
Addilyn.Aryana5@aerodefenceservices.com,53EC28F9CEF1C0B410536BA651813FE9,Users.php
Erin.Hailee5@aerodefenceservices.com,D669AEB055853111C1C498A6842E8FE4,Users.php
Alison.Aiyana5@aerodefenceservices.com,7587B4C52B3C1C7391A849D7DC9B0680,Users.php
Ainsley.Joyce5@aerodefenceservices.com,35B4EFCB61B6C0E51121B35C63615CD4,Users.php
Raelyn.Ryann5@aerodefenceservices.com,0AB27747674103C5197C082BC0751C57,Users.php
Cadence.Caylee5@aerodefenceservices.com,98193B0DA95CDE96F83E655DA390259B,Users.php
Kendra.Kalani5@aerodefenceservices.com,6C23289831FB3C8DEC317003B13FDC66,Users.php
Heidi.Marisol5@aerodefenceservices.com,7348DFE0869D9F64F80ECCC735B8842F,Users.php
Kelsey.Nathaly5@aerodefenceservices.com,5B49B41586C56AE4E850CB2459811696,Users.php
Nadia.Briar5@aerodefenceservices.com,3A23519265AF8A1817C69E4B8866B470,Users.php
Alondra.Holland5@aerodefenceservices.com,5F2413DB2FC396321CBE37156995F2B2,Users.php
Cheyenne.Lindsay5@aerodefenceservices.com,8E3FDFE0749A2B4F8C5D80D9EEADEEE6,Users.php
Kaydence.Remy5@aerodefenceservices.com,A886460EE606B053F28EA8B75437CCB8,Users.php
Mikayla.Adrienne5@aerodefenceservices.com,8C8150B5D66229069DFCED4C1C85CCB9,Users.php
River.Azariah5@aerodefenceservices.com,5C1DB25F4A66B0B94DF91F3C08C45BEB,Users.php
Heaven.Harlee5@aerodefenceservices.com,D58BC28972D26CC229CF497C8FAA4B5B,Users.php
Arielle.Dana5@aerodefenceservices.com,2709DAB69AA69C812CB0FAEF36047C9C,Users.php
Lana.Frida5@aerodefenceservices.com,0E4C7D2E85311992FF57211D15C7E373,Users.php
Blakely.Marianna5@aerodefenceservices.com,FFA07F061C5FD9878A19EB7E547647F8,Users.php
Sabrina.Yamileth5@aerodefenceservices.com,246DE1CCFDDEA6F5A58AAF3D83B72600,Users.php
Kyla.Chana5@aerodefenceservices.com,DA49C605DD7BA0843EECF909CD09AC20,Users.php
Ada.Kaya5@aerodefenceservices.com,0044D72763786AA7C82F681E4F6C4F5C,Users.php
Gracelyn.Lina5@aerodefenceservices.com,ED7C6036B091FF1C42A50DEEDE8C1E63,Users.php
Allyson.Celia5@aerodefenceservices.com,EFD7AF3FB7566017E016792044764AB4,Users.php
Felicity.Analia5@aerodefenceservices.com,ED56D1CACD45C6FBA0845BA9A17A68FB,Users.php
Kira.Hana5@aerodefenceservices.com,4E49D6B3A7EB617AF69BCAB4754C1A2C,Users.php
Briella.Jayde5@aerodefenceservices.com,8355EA8BED92E738D5F92BF154A6FA63,Users.php
Kamryn.Joslyn5@aerodefenceservices.com,65DEF7336343A720D5497BF740586FA8,Users.php
Adaline.Romina5@aerodefenceservices.com,7B68F1D0A7C709ADDA3B2A4D2F9F0343,Users.php
Alicia.Anabella5@aerodefenceservices.com,7E1DE87EB6BEC5BF905B164B6679FB5A,Users.php
Ember.Barbara5@aerodefenceservices.com,CD02781136BE58A432A1617479363C83,Users.php
Aylin.Bryleigh5@aerodefenceservices.com,47607FD9EADDF9CF55A500C54C083EB2,Users.php
Veronica.Emilie5@aerodefenceservices.com,98199FAABAD875BA3DF9AD0E7D114EE5,Users.php
Esmeralda.Nathalia5@aerodefenceservices.com,D04DEE0D8A739D9C5FC1C97DB5DA2D69,Users.php
Sage.Ally5@aerodefenceservices.com,48111BD49ED50C8A815F74CE385543AA,Users.php
Leslie.Evalyn5@aerodefenceservices.com,4C89D5299043E30E25E08389413D670B,Users.php
Aspen.Bonnie5@aerodefenceservices.com,A19CF2E15EFD3467DE2863E5A68FCDD8,Users.php
Gia.Zaria5@aerodefenceservices.com,D2799C7C8005531C0CCA294F168272A1,Users.php
Camilla.Carla5@aerodefenceservices.com,8C1AC6EB5CB7AEF4E1E29BC8A18FE9CB,Users.php
Ashlynn.Estella5@aerodefenceservices.com,D8367D790C3E60AFE64D5F1FD67A2480,Users.php
Scarlet.Kailani5@aerodefenceservices.com,575827399A500B8D98DB989D3F9086BE,Users.php
Journee.Rivka5@aerodefenceservices.com,D28F3D25369B3CD4B7C933B7E3A30388,Users.php
Daphne.Rylan5@aerodefenceservices.com,7C9D0BFF1D65D9B4E7B9642FD9B76B0E,Users.php
Bianca.Paulina5@aerodefenceservices.com,0FCE36E7EB91872B3F55CD95EB28B4DB,Admin.php
Mckinley.Kayden5@aerodefenceservices.com,59E4934FA2308A69CD3DC3D45B699886,Users.php
Amira.Giana5@aerodefenceservices.com,72DFC4FF9A17053FA16A01DC82835185,Users.php
Carmen.Yareli5@aerodefenceservices.com,28C03E26A723F5834C89917003D32649,Users.php
Kyleigh.Kaiya5@aerodefenceservices.com,6B0B01B2B89437E069ACF8931C0D3701,Users.php
Megan.Sariah5@aerodefenceservices.com,4A4EF5B817F577CB3D723DAEBBA2FB85,Users.php
Skye.Avalynn5@aerodefenceservices.com,63D191F677B8B68043456A18D5D82E4F,Users.php
Elsie.Jasmin5@aerodefenceservices.com,10801732176DB80853D5939F720D0C86,Users.php
Kennedi.Aya5@aerodefenceservices.com,F2CDB45A878F09981C232D25311A8956,Users.php
Averie.Jewel5@aerodefenceservices.com,27CBA70A6DCC701B94710F060A46C996,Users.php
Carly.Kristen5@aerodefenceservices.com,D43943B69265E5BDB0DE71FC3B6E49F2,Users.php
Rylie.Paula5@aerodefenceservices.com,81C349A2A774FC83C2D06F2B50E39882,Users.php
Gracelynn.Astrid5@aerodefenceservices.com,BD5F6A6D43413B9729B01A8A9F1E46ED,Users.php
Mallory.Jordynn5@aerodefenceservices.com,492AB0BF1212923C2B1A2688836BA36D,Users.php
Emersyn.Kenya5@aerodefenceservices.com,3DE229F4D58B848859B182D76510DFA9,Users.php
Logan.Ann5@aerodefenceservices.com,D3D927D32138473C9089ADD989079FA5,Users.php
Camryn.Annalee5@aerodefenceservices.com,A7FB27B861B8C5C6B979981677357597,Users.php
Annabella.Kai5@aerodefenceservices.com,417749E02A8B1FB56FF0054BF17B873F,Users.php
Dylan.Kiley5@aerodefenceservices.com,6F5D32E58AA6E4F303C019E0A080DF23,Users.php
Elle.Marleigh5@aerodefenceservices.com,5CA7BDA26F4B0D87057987473F9CC350,Users.php
Kiara.Julianne5@aerodefenceservices.com,A922036533FF2B41300444B8C6A78D8D,Users.php
Yaretzi.Zion5@aerodefenceservices.com,66BDF6A6BA8F97BF2E0B417E0C1DCF25,Users.php
Ariella.Emmaline5@aerodefenceservices.com,E470F7AE5E338419CB10D9B9996894DA,Users.php
Zara.Nataly5@aerodefenceservices.com,9736ACCBB7296E2196EF902CDFA97307,Users.php
April.Aminah5@aerodefenceservices.com,9724E2FF2EB86AE19AC4FC5A841FFAF9,Users.php
Gwendolyn.Amya5@aerodefenceservices.com,FF90A92F8CB38184CAB6D45E96449B3F,Users.php
Anaya.Iliana5@aerodefenceservices.com,770B414A8D8D22AEC3B8070D170E3281,Users.php
Baylee.Jaida5@aerodefenceservices.com,FD3C223ACB004AB430A0C86B684CD7EF,Users.php
Brinley.Paloma5@aerodefenceservices.com,ECDC7F57DA1E3B87FA1AC9630EEABFB8,Users.php
Sierra.Asia5@aerodefenceservices.com,6ACED306416C5C925B14167E5B765EB0,Users.php
Annalise.Louisa5@aerodefenceservices.com,9B30691D509F5B708305938EF9313046,Users.php
Tatum.Sarahi5@aerodefenceservices.com,34F664AB575EFD5F3E5564AE0DE9E7A2,Users.php
Serena.Tara5@aerodefenceservices.com,0A4201A0CAF5AF5A03232101395C6C44,Users.php
Dahlia.Andi5@aerodefenceservices.com,0D8C9A383C9D038640B42B85C5CE874B,Users.php
Macy.Arden5@aerodefenceservices.com,E16562122648C671B5450A3D1972D223,Users.php
Miracle.Dalary5@aerodefenceservices.com,6C5BEB6D515A627200030BD89461C85D,Users.php
Madelynn.Aimee5@aerodefenceservices.com,07B416046871A38ACF6E671239B2747B,Users.php
Briana.Alisson5@aerodefenceservices.com,8FB0B873D6A8EA1B849AB6BCF1BB947A,Users.php
Freya.Halle5@aerodefenceservices.com,6BBB10D8430AFF8D0AAD19DC07E53F21,Users.php
Macie.Aitana5@aerodefenceservices.com,413DF25262895FC6A016B9316A909D20,Users.php
Helen.Landry5@aerodefenceservices.com,21014B8D7745DE8C09AB683D5799A437,Users.php
Bethany.Alisha5@aerodefenceservices.com,9DB7834A5014078904F5AD9DEC28B328,Users.php
Leia.Elin5@aerodefenceservices.com,A7623691889CCA725F4D72B9671E6F92,Users.php
Harlow.Maliah5@aerodefenceservices.com,2351D1687145BCDB85A147673312F05F,Users.php
Blake.Belen5@aerodefenceservices.com,68919FB61DCC5C1EB1587F2DED880B03,Users.php
Jayleen.Briley5@aerodefenceservices.com,B2CDC1EB66AA8E962E8D14BE24A9744E,Users.php
Angelica.Raina5@aerodefenceservices.com,5BD9EFF256F7FCD228D94EACBE25A4C1,Users.php
Marilyn.Vienna5@aerodefenceservices.com,99EAC0F55B449B733AFA8D80EE70F303,Users.php
Viviana.Esperanza5@aerodefenceservices.com,D296D45B5C5A9019DF7473A5A4894906,Users.php
Francesca.Judith5@aerodefenceservices.com,4A045BE228BB383C2384F137551DBEC1,Users.php
Juniper.Faye5@aerodefenceservices.com,ED163DE46F394D5DE8442C5AC18438A3,Users.php
Carolina.Susan5@aerodefenceservices.com,212A08D6409565B96D290613DEBB808D,Users.php
Jazmin.Aliya5@aerodefenceservices.com,1FD79DFECB7E4CBF25C7273FBB434436,Users.php
Emely.Aranza5@aerodefenceservices.com,541A3C5E2B4954CF95B7B057EB6CB0BD,Users.php
Maliyah.Yasmin5@aerodefenceservices.com,CCAD28381D0C9EDADA25911643C84DD8,Users.php
Cataleya.Jaylin5@aerodefenceservices.com,366D9FA968D52D98C97B344A8FF09D19,Users.php
Jillian.Kyndall5@aerodefenceservices.com,E0275602267C4C5268C8CA4C9854CE4D,Users.php
Joy.Saniyah5@aerodefenceservices.com,274803480060CC595DCD8B8FC06F25C3,Users.php
Abby.Wendy5@aerodefenceservices.com,5D9BF8851816EBE49687F76DF1F338CC,Users.php
Malaysia.Yaritza5@aerodefenceservices.com,D7674A698A64BD6C4C515418039A10AC,Users.php
Nylah.Azaria5@aerodefenceservices.com,34B91B9FFCE815B2E5DEB8C2E713590A,Users.php
Sarai.Kaelynn5@aerodefenceservices.com,CB8EEF6D41961FB5C23642E18E91BEA0,Users.php
Evelynn.Neriah5@aerodefenceservices.com,0FC4380B0021D748ABBEFEF41A5EA63A,Users.php
Nia.Zainab5@aerodefenceservices.com,CE7A86A5B5A9130943CECFCE87ACD544,Users.php
Zuri.Alissa5@aerodefenceservices.com,39A775E01BF226797EE9E6304704E766,Users.php
Addyson.Cherish5@aerodefenceservices.com,0FAFF005ED9B610CB232716A8870AEAE,Users.php
Aleah.Dixie5@aerodefenceservices.com,8BAD97B02511AE1D13F037B04C478DD1,Users.php
Kaia.Veda5@aerodefenceservices.com,4DB4A814315A049B2DA05ABE93C34A03,Users.php
Bristol.Nala5@aerodefenceservices.com,4EE4F938563B680F46CEE7950E63DEE9,Users.php
Lorelei.Tabitha5@aerodefenceservices.com,4EF81FB6E5D2CA7DC3FA3A42991080E5,Users.php
Jazmine.Cordelia5@aerodefenceservices.com,F109D7BC62420D7043190A9F9404DD25,Users.php
Maeve.Ellison5@aerodefenceservices.com,6AAB69220182085BC85BC6A081E76D07,Users.php
Alejandra.Meilani5@aerodefenceservices.com,567F2E08600975548B8AEDCBCB297BBC,Users.php
Justice.Angeline5@aerodefenceservices.com,47F34E358F50460F429F26FC51DB9633,Users.php
Julie.Reina5@aerodefenceservices.com,8B936B154F864D9D70A5D7F3FCE5D215,Users.php
Marlee.Tegan5@aerodefenceservices.com,AD07B5B644E36F3A9938D5AED4C6D716,Users.php
Phoenix.Hadleigh5@aerodefenceservices.com,690D86AF0E9252F4A7087A5BFE03DD7C,Users.php
Jimena.Harmoni5@aerodefenceservices.com,8FD6C808E57E7C84F991D929976497FA,Users.php
Emmalyn.Kimora5@aerodefenceservices.com,70FB91D4641CDF2F901BD18E91FAB4D8,Users.php
Nayeli.Ingrid5@aerodefenceservices.com,8B7663B9C28100C09D19232B73F2BB2C,Users.php
Aleena.Lilia5@aerodefenceservices.com,C2E2933F3429434ADA5856565256C178,Users.php
Brittany.Luz5@aerodefenceservices.com,6A3539391B5335D1953691064AA0021B,Users.php
Amara.Aislinn5@aerodefenceservices.com,958BF6E64AC21DFD523F2FA8DE75A801,Users.php
Karina.America5@aerodefenceservices.com,72CD9D5267765C32D00B1D0F3923BACC,Users.php
Giuliana.Ellis5@aerodefenceservices.com,37A6F46653F7C93E37DC12B3A770A6A9,Users.php
Thea.Elora5@aerodefenceservices.com,A82B5EEDD29CAA13EE6D1314A6698D4F,Users.php
Braelynn.Heather5@aerodefenceservices.com,4B430032341E6291B66E1423376DC2AF,Users.php
Kassidy.Natalee5@aerodefenceservices.com,1157B792B7F352BC6326A290C4F79029,Admin.php
Braelyn.Miya5@aerodefenceservices.com,B173FB01834769F01642AD009E60A99B,Users.php
Luciana.Heavenly5@aerodefenceservices.com,A60FBFF3FF1EF95E7EA66344E8C64F48,Users.php
Aubrie.Jenny5@aerodefenceservices.com,F209878B89FCDDE54D79ABDAD357451D,Users.php
Janelle.Aubriella5@aerodefenceservices.com,B5678D021F5F775B62B9DB936A6239C5,Users.php
Madisyn.Emmalee5@aerodefenceservices.com,3BA0983EFF2EE427CCB338FCCE090CED,Users.php
Brylee.Kensington5@aerodefenceservices.com,6C829631CDB743A64532A74064333329,Users.php
Leighton.Kiana5@aerodefenceservices.com,83180352ACF1C3E5EBE6F9692BDFD5EC,Users.php
Ryan.Lilyanna5@aerodefenceservices.com,5DD6F589F4C46A8F195B5BA1DE577F87,Users.php
Amari.Tinley5@aerodefenceservices.com,A43EB0E2E0E231AF2E3D3BEE3C920C4C,Users.php
Eve.Ophelia5@aerodefenceservices.com,ED1C2DED9E3AF8AA0CA09C0C0D3AB852,Users.php
Millie.Moriah5@aerodefenceservices.com,6C2B96CBEB8E35FD22AA5F3FBE11FF3D,Users.php
Kelly.Sharon5@aerodefenceservices.com,D676DBAC818E45CA01A4D7B3E7B0C910,Users.php
Selah.Charlize5@aerodefenceservices.com,1F2868FC74E68A76373B59500082F30D,Users.php
Lacey.Abril5@aerodefenceservices.com,F16F7A7B4BE94903BF6CD8C98AABCA3F,Users.php
Willa.Avalyn5@aerodefenceservices.com,A191F78BDDAD3B0F61CDD8F7CDE49134,Users.php
Haylee.Mariyah5@aerodefenceservices.com,7D5861EF657D0F4FA6C2B641B0088ECC,Users.php
Jaylah.Taya5@aerodefenceservices.com,D863B6F3D63D363E55CCFFB87B7840E3,Users.php
Sylvia.Ireland5@aerodefenceservices.com,C31AAEA94E927FFC519B9703F134B979,Users.php
Melany.Lyra5@aerodefenceservices.com,6D56EB7C639EE419DAAAA6F4555B43D2,Users.php
Elisa.Noor5@aerodefenceservices.com,162658513375AB96877A1D3958100BF4,Users.php
Elsa.Sariyah5@aerodefenceservices.com,FB9E8F7E001A0B933C5DE70BD93344A6,Users.php
Hattie.Giavanna5@aerodefenceservices.com,9AC03DFC7C444B546124F5E44F7052EB,Users.php
Raven.Stevie5@aerodefenceservices.com,E7C2FF19730F315238D922237697504D,Users.php
Holly.Rhea5@aerodefenceservices.com,1F636A8D794DEE236FCB8AB4133F3E54,Users.php
Aisha.Zaylee5@aerodefenceservices.com,4DE3023117BDD75A11AB3E8DB5415524,Users.php
Itzel.Denise5@aerodefenceservices.com,7BB774E78A45FB78A279E9DBE3E080E2,Users.php
Kyra.Frankie5@aerodefenceservices.com,63AE23EDBF6E66D99CA2907EC8D41D4C,Users.php
Tiffany.Janiya5@aerodefenceservices.com,B3042137509A4A944ED11AC46E99ECA9,Users.php
Jayda.Jocelynn5@aerodefenceservices.com,15D672B42A1BE96A9BC7EF2B30E1E8C7,Users.php
Michaela.Libby5@aerodefenceservices.com,28FA4C516CE6A6862F36E5757720D0D4,Users.php
Madilynn.Aubrianna5@aerodefenceservices.com,1F03DC1FACF4D0E5CCF3BC677C43A114,Users.php
Jamie.Kaitlynn5@aerodefenceservices.com,B1F02FEB5EE6E02DEEF10AAB9DB7457A,Users.php
Princess.Sidney5@aerodefenceservices.com,4928845B0AE997C59D7FA25ED6AC6224,Users.php
Alianna.Morris5@aerodefenceservices.com,8A96259C4E96B9198361387C90879EA7,Admin.php
